LR,Mode,Batch_Idx,Samples_Seen,Batch_Acc,Running_Acc
1e-05,Casual,0,1,0.00,0.00
1e-05,Casual,1,2,100.00,50.00
1e-05,Casual,2,3,0.00,33.33
1e-05,Casual,3,4,100.00,50.00
1e-05,Casual,4,5,0.00,40.00
1e-05,Casual,5,6,100.00,50.00
1e-05,Casual,6,7,100.00,57.14
1e-05,Casual,7,8,100.00,62.50
1e-05,Casual,8,9,0.00,55.56
1e-05,Casual,9,10,100.00,60.00
1e-05,Casual,10,11,100.00,63.64
1e-05,Casual,11,12,0.00,58.33
1e-05,Casual,12,13,0.00,53.85
1e-05,Casual,13,14,0.00,50.00
1e-05,Casual,14,15,100.00,53.33
1e-05,Casual,15,16,100.00,56.25
1e-05,Casual,16,17,100.00,58.82
1e-05,Casual,17,18,0.00,55.56
1e-05,Casual,18,19,0.00,52.63
1e-05,Casual,19,20,0.00,50.00
1e-05,Casual,20,21,0.00,47.62
1e-05,Casual,21,22,100.00,50.00
1e-05,Casual,22,23,0.00,47.83
1e-05,Casual,23,24,0.00,45.83
1e-05,Casual,24,25,100.00,48.00
1e-05,Casual,25,26,0.00,46.15
1e-05,Casual,26,27,100.00,48.15
1e-05,Casual,27,28,0.00,46.43
1e-05,Casual,28,29,100.00,48.28
1e-05,Casual,29,30,0.00,46.67
1e-05,Casual,30,31,100.00,48.39
1e-05,Casual,31,32,100.00,50.00
1e-05,Casual,32,33,0.00,48.48
1e-05,Casual,33,34,100.00,50.00
1e-05,Casual,34,35,0.00,48.57
1e-05,Casual,35,36,0.00,47.22
1e-05,Casual,36,37,100.00,48.65
1e-05,Casual,37,38,0.00,47.37
1e-05,Casual,38,39,0.00,46.15
1e-05,Casual,39,40,0.00,45.00
1e-05,Casual,40,41,0.00,43.90
1e-05,Casual,41,42,100.00,45.24
1e-05,Casual,42,43,0.00,44.19
1e-05,Casual,43,44,100.00,45.45
1e-05,Casual,44,45,0.00,44.44
1e-05,Casual,45,46,100.00,45.65
1e-05,Casual,46,47,100.00,46.81
1e-05,Casual,47,48,100.00,47.92
1e-05,Casual,48,49,100.00,48.98
1e-05,Casual,49,50,100.00,50.00
1e-05,Casual,50,51,0.00,49.02
1e-05,Casual,51,52,100.00,50.00
1e-05,Casual,52,53,0.00,49.06
1e-05,Casual,53,54,0.00,48.15
1e-05,Casual,54,55,100.00,49.09
1e-05,Casual,55,56,100.00,50.00
1e-05,Casual,56,57,100.00,50.88
1e-05,Casual,57,58,100.00,51.72
1e-05,Casual,58,59,100.00,52.54
1e-05,Casual,59,60,0.00,51.67
1e-05,Casual,60,61,100.00,52.46
1e-05,Casual,61,62,100.00,53.23
1e-05,Casual,62,63,0.00,52.38
1e-05,Casual,63,64,0.00,51.56
1e-05,Casual,64,65,100.00,52.31
1e-05,Casual,65,66,0.00,51.52
1e-05,Casual,66,67,0.00,50.75
1e-05,Casual,67,68,100.00,51.47
1e-05,Casual,68,69,0.00,50.72
1e-05,Casual,69,70,100.00,51.43
1e-05,Casual,70,71,100.00,52.11
1e-05,Casual,71,72,0.00,51.39
1e-05,Casual,72,73,0.00,50.68
1e-05,Casual,73,74,100.00,51.35
1e-05,Casual,74,75,0.00,50.67
1e-05,Casual,75,76,100.00,51.32
1e-05,Casual,76,77,0.00,50.65
1e-05,Casual,77,78,0.00,50.00
1e-05,Casual,78,79,0.00,49.37
1e-05,Casual,79,80,0.00,48.75
1e-05,Casual,80,81,100.00,49.38
1e-05,Casual,81,82,0.00,48.78
1e-05,Casual,82,83,0.00,48.19
1e-05,Casual,83,84,0.00,47.62
1e-05,Casual,84,85,0.00,47.06
1e-05,Casual,85,86,100.00,47.67
1e-05,Casual,86,87,0.00,47.13
1e-05,Casual,87,88,0.00,46.59
1e-05,Casual,88,89,0.00,46.07
1e-05,Casual,89,90,100.00,46.67
1e-05,Casual,90,91,100.00,47.25
1e-05,Casual,91,92,0.00,46.74
1e-05,Casual,92,93,0.00,46.24
1e-05,Casual,93,94,0.00,45.74
1e-05,Casual,94,95,100.00,46.32
1e-05,Casual,95,96,0.00,45.83
1e-05,Casual,96,97,100.00,46.39
1e-05,Casual,97,98,0.00,45.92
1e-05,Casual,98,99,100.00,46.46
1e-05,Casual,99,100,100.00,47.00
1e-05,Casual,100,101,0.00,46.53
1e-05,Casual,101,102,0.00,46.08
1e-05,Casual,102,103,0.00,45.63
1e-05,Casual,103,104,0.00,45.19
1e-05,Casual,104,105,100.00,45.71
1e-05,Casual,105,106,0.00,45.28
1e-05,Casual,106,107,0.00,44.86
1e-05,Casual,107,108,100.00,45.37
1e-05,Casual,108,109,100.00,45.87
1e-05,Casual,109,110,0.00,45.45
1e-05,Casual,110,111,0.00,45.05
1e-05,Casual,111,112,100.00,45.54
1e-05,Casual,112,113,0.00,45.13
1e-05,Casual,113,114,0.00,44.74
1e-05,Casual,114,115,0.00,44.35
1e-05,Casual,115,116,100.00,44.83
1e-05,Casual,116,117,0.00,44.44
1e-05,Casual,117,118,100.00,44.92
1e-05,Casual,118,119,100.00,45.38
1e-05,Casual,119,120,0.00,45.00
1e-05,Casual,120,121,100.00,45.45
1e-05,Casual,121,122,0.00,45.08
1e-05,Casual,122,123,0.00,44.72
1e-05,Casual,123,124,0.00,44.35
1e-05,Casual,124,125,100.00,44.80
1e-05,Casual,125,126,100.00,45.24
1e-05,Casual,126,127,0.00,44.88
1e-05,Casual,127,128,100.00,45.31
1e-05,Casual,128,129,0.00,44.96
1e-05,Casual,129,130,100.00,45.38
1e-05,Casual,130,131,100.00,45.80
1e-05,Casual,131,132,100.00,46.21
1e-05,Casual,132,133,0.00,45.86
1e-05,Casual,133,134,100.00,46.27
1e-05,Casual,134,135,100.00,46.67
1e-05,Casual,135,136,100.00,47.06
1e-05,Casual,136,137,100.00,47.45
1e-05,Casual,137,138,100.00,47.83
1e-05,Casual,138,139,100.00,48.20
1e-05,Casual,139,140,0.00,47.86
1e-05,Casual,140,141,0.00,47.52
1e-05,Casual,141,142,0.00,47.18
1e-05,Casual,142,143,0.00,46.85
1e-05,Casual,143,144,100.00,47.22
1e-05,Casual,144,145,0.00,46.90
1e-05,Casual,145,146,100.00,47.26
1e-05,Casual,146,147,0.00,46.94
1e-05,Casual,147,148,0.00,46.62
1e-05,Casual,148,149,0.00,46.31
1e-05,Casual,149,150,0.00,46.00
1e-05,Casual,150,151,0.00,45.70
1e-05,Casual,151,152,0.00,45.39
1e-05,Casual,152,153,0.00,45.10
1e-05,Casual,153,154,0.00,44.81
1e-05,Casual,154,155,100.00,45.16
1e-05,Casual,155,156,0.00,44.87
1e-05,Casual,156,157,0.00,44.59
1e-05,Casual,157,158,0.00,44.30
1e-05,Casual,158,159,0.00,44.03
1e-05,Casual,159,160,100.00,44.38
1e-05,Casual,160,161,100.00,44.72
1e-05,Casual,161,162,0.00,44.44
1e-05,Casual,162,163,0.00,44.17
1e-05,Casual,163,164,0.00,43.90
1e-05,Casual,164,165,100.00,44.24
1e-05,Casual,165,166,100.00,44.58
1e-05,Casual,166,167,0.00,44.31
1e-05,Casual,167,168,0.00,44.05
1e-05,Casual,168,169,0.00,43.79
1e-05,Casual,169,170,100.00,44.12
1e-05,Casual,170,171,0.00,43.86
1e-05,Casual,171,172,100.00,44.19
1e-05,Casual,172,173,0.00,43.93
1e-05,Casual,173,174,100.00,44.25
1e-05,Casual,174,175,0.00,44.00
1e-05,Casual,175,176,0.00,43.75
1e-05,Casual,176,177,0.00,43.50
1e-05,Casual,177,178,0.00,43.26
1e-05,Casual,178,179,100.00,43.58
1e-05,Casual,179,180,100.00,43.89
1e-05,Casual,180,181,100.00,44.20
1e-05,Casual,181,182,0.00,43.96
1e-05,Casual,182,183,100.00,44.26
1e-05,Casual,183,184,100.00,44.57
1e-05,Casual,184,185,100.00,44.86
1e-05,Casual,185,186,0.00,44.62
1e-05,Casual,186,187,0.00,44.39
1e-05,Casual,187,188,0.00,44.15
1e-05,Casual,188,189,100.00,44.44
1e-05,Casual,189,190,0.00,44.21
1e-05,Casual,190,191,0.00,43.98
1e-05,Casual,191,192,100.00,44.27
1e-05,Casual,192,193,100.00,44.56
1e-05,Casual,193,194,100.00,44.85
1e-05,Casual,194,195,0.00,44.62
1e-05,Casual,195,196,0.00,44.39
1e-05,Casual,196,197,100.00,44.67
1e-05,Casual,197,198,0.00,44.44
1e-05,Casual,198,199,0.00,44.22
1e-05,Casual,199,200,0.00,44.00
1e-05,Casual,200,201,100.00,44.28
1e-05,Casual,201,202,0.00,44.06
1e-05,Casual,202,203,100.00,44.33
1e-05,Casual,203,204,0.00,44.12
1e-05,Casual,204,205,100.00,44.39
1e-05,Casual,205,206,0.00,44.17
1e-05,Casual,206,207,0.00,43.96
1e-05,Casual,207,208,0.00,43.75
1e-05,Casual,208,209,0.00,43.54
1e-05,Casual,209,210,100.00,43.81
1e-05,Casual,210,211,0.00,43.60
1e-05,Casual,211,212,100.00,43.87
1e-05,Casual,212,213,100.00,44.13
1e-05,Casual,213,214,100.00,44.39
1e-05,Casual,214,215,0.00,44.19
1e-05,Casual,215,216,0.00,43.98
1e-05,Casual,216,217,100.00,44.24
1e-05,Casual,217,218,100.00,44.50
1e-05,Casual,218,219,100.00,44.75
1e-05,Casual,219,220,100.00,45.00
1e-05,Casual,220,221,0.00,44.80
1e-05,Casual,221,222,0.00,44.59
1e-05,Casual,222,223,0.00,44.39
1e-05,Casual,223,224,0.00,44.20
1e-05,Casual,224,225,0.00,44.00
1e-05,Casual,225,226,100.00,44.25
1e-05,Casual,226,227,100.00,44.49
1e-05,Casual,227,228,0.00,44.30
1e-05,Casual,228,229,100.00,44.54
1e-05,Casual,229,230,100.00,44.78
1e-05,Casual,230,231,0.00,44.59
1e-05,Casual,231,232,100.00,44.83
1e-05,Casual,232,233,100.00,45.06
1e-05,Casual,233,234,0.00,44.87
1e-05,Casual,234,235,100.00,45.11
1e-05,Casual,235,236,100.00,45.34
1e-05,Casual,236,237,0.00,45.15
1e-05,Casual,237,238,100.00,45.38
1e-05,Casual,238,239,0.00,45.19
1e-05,Casual,239,240,0.00,45.00
1e-05,Casual,240,241,0.00,44.81
1e-05,Casual,241,242,0.00,44.63
1e-05,Casual,242,243,0.00,44.44
1e-05,Casual,243,244,100.00,44.67
1e-05,Casual,244,245,100.00,44.90
1e-05,Casual,245,246,0.00,44.72
1e-05,Casual,246,247,0.00,44.53
1e-05,Casual,247,248,0.00,44.35
1e-05,Casual,248,249,100.00,44.58
1e-05,Casual,249,250,0.00,44.40
1e-05,Casual,250,251,0.00,44.22
1e-05,Casual,251,252,0.00,44.05
1e-05,Casual,252,253,100.00,44.27
1e-05,Casual,253,254,0.00,44.09
1e-05,Casual,254,255,100.00,44.31
1e-05,Casual,255,256,0.00,44.14
1e-05,Casual,256,257,100.00,44.36
1e-05,Casual,257,258,0.00,44.19
1e-05,Casual,258,259,100.00,44.40
1e-05,Casual,259,260,0.00,44.23
1e-05,Casual,260,261,0.00,44.06
1e-05,Casual,261,262,0.00,43.89
1e-05,Casual,262,263,0.00,43.73
1e-05,Casual,263,264,0.00,43.56
1e-05,Casual,264,265,0.00,43.40
1e-05,Casual,265,266,100.00,43.61
1e-05,Casual,266,267,100.00,43.82
1e-05,Casual,267,268,0.00,43.66
1e-05,Casual,268,269,100.00,43.87
1e-05,Casual,269,270,0.00,43.70
1e-05,Casual,270,271,0.00,43.54
1e-05,Casual,271,272,0.00,43.38
1e-05,Casual,272,273,100.00,43.59
1e-05,Casual,273,274,0.00,43.43
1e-05,Casual,274,275,100.00,43.64
1e-05,Casual,275,276,0.00,43.48
1e-05,Casual,276,277,100.00,43.68
1e-05,Casual,277,278,0.00,43.53
1e-05,Casual,278,279,100.00,43.73
1e-05,Casual,279,280,0.00,43.57
1e-05,Casual,280,281,100.00,43.77
1e-05,Casual,281,282,0.00,43.62
1e-05,Casual,282,283,0.00,43.46
1e-05,Casual,283,284,0.00,43.31
1e-05,Casual,284,285,0.00,43.16
1e-05,Casual,285,286,0.00,43.01
1e-05,Casual,286,287,0.00,42.86
1e-05,Casual,287,288,0.00,42.71
1e-05,Casual,288,289,100.00,42.91
1e-05,Casual,289,290,0.00,42.76
1e-05,Casual,290,291,0.00,42.61
1e-05,Casual,291,292,100.00,42.81
1e-05,Casual,292,293,0.00,42.66
1e-05,Casual,293,294,0.00,42.52
1e-05,Casual,294,295,0.00,42.37
1e-05,Casual,295,296,0.00,42.23
1e-05,Casual,296,297,100.00,42.42
1e-05,Casual,297,298,0.00,42.28
1e-05,Casual,298,299,0.00,42.14
1e-05,Casual,299,300,100.00,42.33
1e-05,Casual,300,301,0.00,42.19
1e-05,Casual,301,302,100.00,42.38
1e-05,Casual,302,303,0.00,42.24
1e-05,Casual,303,304,100.00,42.43
1e-05,Casual,304,305,100.00,42.62
1e-05,Casual,305,306,100.00,42.81
1e-05,Casual,306,307,100.00,43.00
1e-05,Casual,307,308,0.00,42.86
1e-05,Casual,308,309,100.00,43.04
1e-05,Casual,309,310,100.00,43.23
1e-05,Casual,310,311,100.00,43.41
1e-05,Casual,311,312,0.00,43.27
1e-05,Casual,312,313,100.00,43.45
1e-05,Casual,313,314,100.00,43.63
1e-05,Casual,314,315,0.00,43.49
1e-05,Casual,315,316,100.00,43.67
1e-05,Casual,316,317,0.00,43.53
1e-05,Casual,317,318,100.00,43.71
1e-05,Casual,318,319,0.00,43.57
1e-05,Casual,319,320,100.00,43.75
1e-05,Casual,320,321,0.00,43.61
1e-05,Casual,321,322,0.00,43.48
1e-05,Casual,322,323,0.00,43.34
1e-05,Casual,323,324,100.00,43.52
1e-05,Casual,324,325,0.00,43.38
1e-05,Casual,325,326,100.00,43.56
1e-05,Casual,326,327,100.00,43.73
1e-05,Casual,327,328,0.00,43.60
1e-05,Casual,328,329,0.00,43.47
1e-05,Casual,329,330,100.00,43.64
1e-05,Casual,330,331,0.00,43.50
1e-05,Casual,331,332,0.00,43.37
1e-05,Casual,332,333,100.00,43.54
1e-05,Casual,333,334,100.00,43.71
1e-05,Casual,334,335,0.00,43.58
1e-05,Casual,335,336,0.00,43.45
1e-05,Casual,336,337,100.00,43.62
1e-05,Casual,337,338,100.00,43.79
1e-05,Casual,338,339,100.00,43.95
1e-05,Casual,339,340,0.00,43.82
1e-05,Casual,340,341,100.00,43.99
1e-05,Casual,341,342,0.00,43.86
1e-05,Casual,342,343,100.00,44.02
1e-05,Casual,343,344,100.00,44.19
1e-05,Casual,344,345,0.00,44.06
1e-05,Casual,345,346,100.00,44.22
1e-05,Casual,346,347,100.00,44.38
1e-05,Casual,347,348,0.00,44.25
1e-05,Casual,348,349,0.00,44.13
1e-05,Casual,349,350,0.00,44.00
1e-05,Casual,350,351,0.00,43.87
1e-05,Casual,351,352,0.00,43.75
1e-05,Casual,352,353,0.00,43.63
1e-05,Casual,353,354,0.00,43.50
1e-05,Casual,354,355,0.00,43.38
1e-05,Casual,355,356,0.00,43.26
1e-05,Casual,356,357,0.00,43.14
1e-05,Casual,357,358,0.00,43.02
1e-05,Casual,358,359,0.00,42.90
1e-05,Casual,359,360,0.00,42.78
1e-05,Casual,360,361,100.00,42.94
1e-05,Casual,361,362,0.00,42.82
1e-05,Casual,362,363,100.00,42.98
1e-05,Casual,363,364,0.00,42.86
1e-05,Casual,364,365,0.00,42.74
1e-05,Casual,365,366,0.00,42.62
1e-05,Casual,366,367,0.00,42.51
1e-05,Casual,367,368,100.00,42.66
1e-05,Casual,368,369,0.00,42.55
1e-05,Casual,369,370,100.00,42.70
1e-05,Casual,370,371,0.00,42.59
1e-05,Casual,371,372,100.00,42.74
1e-05,Casual,372,373,0.00,42.63
1e-05,Casual,373,374,0.00,42.51
1e-05,Casual,374,375,0.00,42.40
1e-05,Casual,375,376,100.00,42.55
1e-05,Casual,376,377,0.00,42.44
1e-05,Casual,377,378,0.00,42.33
1e-05,Casual,378,379,0.00,42.22
1e-05,Casual,379,380,100.00,42.37
1e-05,Casual,380,381,0.00,42.26
1e-05,Casual,381,382,100.00,42.41
1e-05,Casual,382,383,100.00,42.56
1e-05,Casual,383,384,0.00,42.45
1e-05,Casual,384,385,0.00,42.34
1e-05,Casual,385,386,100.00,42.49
1e-05,Casual,386,387,0.00,42.38
1e-05,Casual,387,388,0.00,42.27
1e-05,Casual,388,389,0.00,42.16
1e-05,Casual,389,390,0.00,42.05
1e-05,Casual,390,391,100.00,42.20
1e-05,Casual,391,392,0.00,42.09
1e-05,Casual,392,393,0.00,41.98
1e-05,Casual,393,394,0.00,41.88
1e-05,Casual,394,395,100.00,42.03
1e-05,Casual,395,396,100.00,42.17
1e-05,Casual,396,397,100.00,42.32
1e-05,Casual,397,398,0.00,42.21
1e-05,Casual,398,399,0.00,42.11
1e-05,Casual,399,400,100.00,42.25
1e-05,Casual,400,401,100.00,42.39
1e-05,Casual,401,402,0.00,42.29
1e-05,Casual,402,403,0.00,42.18
1e-05,Casual,403,404,100.00,42.33
1e-05,Casual,404,405,0.00,42.22
1e-05,Casual,405,406,100.00,42.36
1e-05,Casual,406,407,100.00,42.51
1e-05,Casual,407,408,0.00,42.40
1e-05,Casual,408,409,100.00,42.54
1e-05,Casual,409,410,100.00,42.68
1e-05,Casual,410,411,100.00,42.82
1e-05,Casual,411,412,100.00,42.96
1e-05,Casual,412,413,100.00,43.10
1e-05,Casual,413,414,100.00,43.24
1e-05,Casual,414,415,0.00,43.13
1e-05,Casual,415,416,100.00,43.27
1e-05,Casual,416,417,0.00,43.17
1e-05,Casual,417,418,100.00,43.30
1e-05,Casual,418,419,0.00,43.20
1e-05,Casual,419,420,100.00,43.33
1e-05,Casual,420,421,100.00,43.47
1e-05,Casual,421,422,0.00,43.36
1e-05,Casual,422,423,0.00,43.26
1e-05,Casual,423,424,100.00,43.40
1e-05,Casual,424,425,100.00,43.53
1e-05,Casual,425,426,0.00,43.43
1e-05,Casual,426,427,100.00,43.56
1e-05,Casual,427,428,100.00,43.69
1e-05,Casual,428,429,100.00,43.82
1e-05,Casual,429,430,0.00,43.72
1e-05,Casual,430,431,0.00,43.62
1e-05,Casual,431,432,0.00,43.52
1e-05,Casual,432,433,0.00,43.42
1e-05,Casual,433,434,0.00,43.32
1e-05,Casual,434,435,100.00,43.45
1e-05,Casual,435,436,100.00,43.58
1e-05,Casual,436,437,0.00,43.48
1e-05,Casual,437,438,100.00,43.61
1e-05,Casual,438,439,0.00,43.51
1e-05,Casual,439,440,100.00,43.64
1e-05,Casual,440,441,0.00,43.54
1e-05,Casual,441,442,0.00,43.44
1e-05,Casual,442,443,100.00,43.57
1e-05,Casual,443,444,0.00,43.47
1e-05,Casual,444,445,100.00,43.60
1e-05,Casual,445,446,100.00,43.72
1e-05,Casual,446,447,100.00,43.85
1e-05,Casual,447,448,0.00,43.75
1e-05,Casual,448,449,100.00,43.88
1e-05,Casual,449,450,0.00,43.78
1e-05,Casual,450,451,0.00,43.68
1e-05,Casual,451,452,100.00,43.81
1e-05,Casual,452,453,0.00,43.71
1e-05,Casual,453,454,0.00,43.61
1e-05,Casual,454,455,100.00,43.74
1e-05,Casual,455,456,0.00,43.64
1e-05,Casual,456,457,0.00,43.54
1e-05,Casual,457,458,100.00,43.67
1e-05,Casual,458,459,0.00,43.57
1e-05,Casual,459,460,100.00,43.70
1e-05,Casual,460,461,0.00,43.60
1e-05,Casual,461,462,0.00,43.51
1e-05,Casual,462,463,100.00,43.63
1e-05,Casual,463,464,100.00,43.75
1e-05,Casual,464,465,100.00,43.87
1e-05,Casual,465,466,0.00,43.78
1e-05,Casual,466,467,0.00,43.68
1e-05,Casual,467,468,100.00,43.80
1e-05,Casual,468,469,0.00,43.71
1e-05,Casual,469,470,0.00,43.62
1e-05,Casual,470,471,100.00,43.74
1e-05,Casual,471,472,100.00,43.86
1e-05,Casual,472,473,0.00,43.76
1e-05,Casual,473,474,100.00,43.88
1e-05,Casual,474,475,100.00,44.00
1e-05,Casual,475,476,100.00,44.12
1e-05,Casual,476,477,100.00,44.23
1e-05,Casual,477,478,0.00,44.14
1e-05,Casual,478,479,0.00,44.05
1e-05,Casual,479,480,0.00,43.96
1e-05,Casual,480,481,100.00,44.07
1e-05,Casual,481,482,0.00,43.98
1e-05,Casual,482,483,0.00,43.89
1e-05,Casual,483,484,0.00,43.80
1e-05,Casual,484,485,0.00,43.71
1e-05,Casual,485,486,0.00,43.62
1e-05,Casual,486,487,100.00,43.74
1e-05,Casual,487,488,0.00,43.65
1e-05,Casual,488,489,100.00,43.76
1e-05,Casual,489,490,0.00,43.67
1e-05,Casual,490,491,0.00,43.58
1e-05,Casual,491,492,0.00,43.50
1e-05,Casual,492,493,100.00,43.61
1e-05,Casual,493,494,0.00,43.52
1e-05,Casual,494,495,100.00,43.64
1e-05,Casual,495,496,0.00,43.55
1e-05,Casual,496,497,0.00,43.46
1e-05,Casual,497,498,0.00,43.37
1e-05,Casual,498,499,100.00,43.49
1e-05,Casual,499,500,100.00,43.60
1e-05,Casual,500,501,0.00,43.51
1e-05,Casual,501,502,100.00,43.63
1e-05,Casual,502,503,0.00,43.54
1e-05,Casual,503,504,0.00,43.45
1e-05,Casual,504,505,100.00,43.56
1e-05,Casual,505,506,0.00,43.48
1e-05,Casual,506,507,0.00,43.39
1e-05,Casual,507,508,100.00,43.50
1e-05,Casual,508,509,0.00,43.42
1e-05,Casual,509,510,0.00,43.33
1e-05,Casual,510,511,100.00,43.44
1e-05,Casual,511,512,0.00,43.36
1e-05,Casual,512,513,0.00,43.27
1e-05,Casual,513,514,100.00,43.39
1e-05,Casual,514,515,100.00,43.50
1e-05,Casual,515,516,100.00,43.60
1e-05,Casual,516,517,100.00,43.71
1e-05,Casual,517,518,0.00,43.63
1e-05,Casual,518,519,0.00,43.55
1e-05,Casual,519,520,0.00,43.46
1e-05,Casual,520,521,0.00,43.38
1e-05,Casual,521,522,0.00,43.30
1e-05,Casual,522,523,100.00,43.40
1e-05,Casual,523,524,0.00,43.32
1e-05,Casual,524,525,100.00,43.43
1e-05,Casual,525,526,0.00,43.35
1e-05,Casual,526,527,100.00,43.45
1e-05,Casual,527,528,100.00,43.56
1e-05,Casual,528,529,0.00,43.48
1e-05,Casual,529,530,100.00,43.58
1e-05,Casual,530,531,100.00,43.69
1e-05,Casual,531,532,100.00,43.80
1e-05,Casual,532,533,0.00,43.71
1e-05,Casual,533,534,0.00,43.63
1e-05,Casual,534,535,0.00,43.55
1e-05,Casual,535,536,100.00,43.66
1e-05,Casual,536,537,0.00,43.58
1e-05,Casual,537,538,0.00,43.49
1e-05,Casual,538,539,0.00,43.41
1e-05,Casual,539,540,0.00,43.33
1e-05,Casual,540,541,0.00,43.25
1e-05,Casual,541,542,0.00,43.17
1e-05,Casual,542,543,100.00,43.28
1e-05,Casual,543,544,100.00,43.38
1e-05,Casual,544,545,100.00,43.49
1e-05,Casual,545,546,0.00,43.41
1e-05,Casual,546,547,100.00,43.51
1e-05,Casual,547,548,0.00,43.43
1e-05,Casual,548,549,100.00,43.53
1e-05,Casual,549,550,0.00,43.45
1e-05,Casual,550,551,0.00,43.38
1e-05,Casual,551,552,0.00,43.30
1e-05,Casual,552,553,100.00,43.40
1e-05,Casual,553,554,0.00,43.32
1e-05,Casual,554,555,0.00,43.24
1e-05,Casual,555,556,0.00,43.17
1e-05,Casual,556,557,0.00,43.09
1e-05,Casual,557,558,100.00,43.19
1e-05,Casual,558,559,100.00,43.29
1e-05,Casual,559,560,100.00,43.39
1e-05,Casual,560,561,100.00,43.49
1e-05,Casual,561,562,0.00,43.42
1e-05,Casual,562,563,0.00,43.34
1e-05,Casual,563,564,100.00,43.44
1e-05,Casual,564,565,100.00,43.54
1e-05,Casual,565,566,0.00,43.46
1e-05,Casual,566,567,0.00,43.39
1e-05,Casual,567,568,0.00,43.31
1e-05,Casual,568,569,100.00,43.41
1e-05,Casual,569,570,100.00,43.51
1e-05,Casual,570,571,0.00,43.43
1e-05,Casual,571,572,0.00,43.36
1e-05,Casual,572,573,100.00,43.46
1e-05,Casual,573,574,0.00,43.38
1e-05,Casual,574,575,0.00,43.30
1e-05,Casual,575,576,0.00,43.23
1e-05,Casual,576,577,0.00,43.15
1e-05,Casual,577,578,0.00,43.08
1e-05,Casual,578,579,0.00,43.01
1e-05,Casual,579,580,100.00,43.10
1e-05,Casual,580,581,100.00,43.20
1e-05,Casual,581,582,100.00,43.30
1e-05,Casual,582,583,100.00,43.40
1e-05,Casual,583,584,100.00,43.49
1e-05,Casual,584,585,0.00,43.42
1e-05,Casual,585,586,100.00,43.52
1e-05,Casual,586,587,0.00,43.44
1e-05,Casual,587,588,100.00,43.54
1e-05,Casual,588,589,100.00,43.63
1e-05,Casual,589,590,0.00,43.56
1e-05,Casual,590,591,100.00,43.65
1e-05,Casual,591,592,100.00,43.75
1e-05,Casual,592,593,0.00,43.68
1e-05,Casual,593,594,100.00,43.77
1e-05,Casual,594,595,0.00,43.70
1e-05,Casual,595,596,0.00,43.62
1e-05,Casual,596,597,100.00,43.72
1e-05,Casual,597,598,100.00,43.81
1e-05,Casual,598,599,100.00,43.91
1e-05,Casual,599,600,100.00,44.00
1e-05,Casual,600,601,0.00,43.93
1e-05,Casual,601,602,0.00,43.85
1e-05,Casual,602,603,0.00,43.78
1e-05,Casual,603,604,0.00,43.71
1e-05,Casual,604,605,0.00,43.64
1e-05,Casual,605,606,0.00,43.56
1e-05,Casual,606,607,0.00,43.49
1e-05,Casual,607,608,0.00,43.42
1e-05,Casual,608,609,100.00,43.51
1e-05,Casual,609,610,0.00,43.44
1e-05,Casual,610,611,0.00,43.37
1e-05,Casual,611,612,0.00,43.30
1e-05,Casual,612,613,0.00,43.23
1e-05,Casual,613,614,100.00,43.32
1e-05,Casual,614,615,0.00,43.25
1e-05,Casual,615,616,100.00,43.34
1e-05,Casual,616,617,0.00,43.27
1e-05,Casual,617,618,0.00,43.20
1e-05,Casual,618,619,100.00,43.30
1e-05,Casual,619,620,0.00,43.23
1e-05,Casual,620,621,100.00,43.32
1e-05,Casual,621,622,0.00,43.25
1e-05,Casual,622,623,100.00,43.34
1e-05,Casual,623,624,0.00,43.27
1e-05,Casual,624,625,0.00,43.20
1e-05,Casual,625,626,100.00,43.29
1e-05,Casual,626,627,100.00,43.38
1e-05,Casual,627,628,100.00,43.47
1e-05,Casual,628,629,0.00,43.40
1e-05,Casual,629,630,100.00,43.49
1e-05,Casual,630,631,100.00,43.58
1e-05,Casual,631,632,0.00,43.51
1e-05,Casual,632,633,0.00,43.44
1e-05,Casual,633,634,100.00,43.53
1e-05,Casual,634,635,100.00,43.62
1e-05,Casual,635,636,100.00,43.71
1e-05,Casual,636,637,0.00,43.64
1e-05,Casual,637,638,0.00,43.57
1e-05,Casual,638,639,100.00,43.66
1e-05,Casual,639,640,100.00,43.75
1e-05,Casual,640,641,100.00,43.84
1e-05,Casual,641,642,0.00,43.77
1e-05,Casual,642,643,100.00,43.86
1e-05,Casual,643,644,100.00,43.94
1e-05,Casual,644,645,0.00,43.88
1e-05,Casual,645,646,100.00,43.96
1e-05,Casual,646,647,0.00,43.89
1e-05,Casual,647,648,100.00,43.98
1e-05,Casual,648,649,100.00,44.07
1e-05,Casual,649,650,100.00,44.15
1e-05,Casual,650,651,100.00,44.24
1e-05,Casual,651,652,100.00,44.33
1e-05,Casual,652,653,0.00,44.26
1e-05,Casual,653,654,100.00,44.34
1e-05,Casual,654,655,0.00,44.27
1e-05,Casual,655,656,100.00,44.36
1e-05,Casual,656,657,0.00,44.29
1e-05,Casual,657,658,0.00,44.22
1e-05,Casual,658,659,0.00,44.16
1e-05,Casual,659,660,100.00,44.24
1e-05,Casual,660,661,0.00,44.18
1e-05,Casual,661,662,0.00,44.11
1e-05,Casual,662,663,100.00,44.19
1e-05,Casual,663,664,100.00,44.28
1e-05,Casual,664,665,100.00,44.36
1e-05,Casual,665,666,100.00,44.44
1e-05,Casual,666,667,0.00,44.38
1e-05,Casual,667,668,0.00,44.31
1e-05,Casual,668,669,0.00,44.25
1e-05,Casual,669,670,100.00,44.33
1e-05,Casual,670,671,0.00,44.26
1e-05,Casual,671,672,0.00,44.20
1e-05,Casual,672,673,100.00,44.28
1e-05,Casual,673,674,0.00,44.21
1e-05,Casual,674,675,0.00,44.15
1e-05,Casual,675,676,100.00,44.23
1e-05,Casual,676,677,100.00,44.31
1e-05,Casual,677,678,0.00,44.25
1e-05,Casual,678,679,0.00,44.18
1e-05,Casual,679,680,0.00,44.12
1e-05,Casual,680,681,100.00,44.20
1e-05,Casual,681,682,0.00,44.13
1e-05,Casual,682,683,0.00,44.07
1e-05,Casual,683,684,100.00,44.15
1e-05,Casual,684,685,0.00,44.09
1e-05,Casual,685,686,100.00,44.17
1e-05,Casual,686,687,0.00,44.10
1e-05,Casual,687,688,0.00,44.04
1e-05,Casual,688,689,0.00,43.98
1e-05,Casual,689,690,100.00,44.06
1e-05,Casual,690,691,0.00,43.99
1e-05,Casual,691,692,0.00,43.93
1e-05,Casual,692,693,0.00,43.87
1e-05,Casual,693,694,0.00,43.80
1e-05,Casual,694,695,0.00,43.74
1e-05,Casual,695,696,100.00,43.82
1e-05,Casual,696,697,0.00,43.76
1e-05,Casual,697,698,0.00,43.70
1e-05,Casual,698,699,0.00,43.63
1e-05,Casual,699,700,100.00,43.71
1e-05,Casual,700,701,0.00,43.65
1e-05,Casual,701,702,0.00,43.59
1e-05,Casual,702,703,100.00,43.67
1e-05,Casual,703,704,0.00,43.61
1e-05,Casual,704,705,0.00,43.55
1e-05,Casual,705,706,0.00,43.48
1e-05,Casual,706,707,0.00,43.42
1e-05,Casual,707,708,100.00,43.50
1e-05,Casual,708,709,100.00,43.58
1e-05,Casual,709,710,100.00,43.66
1e-05,Casual,710,711,0.00,43.60
1e-05,Casual,711,712,100.00,43.68
1e-05,Casual,712,713,0.00,43.62
1e-05,Casual,713,714,0.00,43.56
1e-05,Casual,714,715,100.00,43.64
1e-05,Casual,715,716,0.00,43.58
1e-05,Casual,716,717,100.00,43.65
1e-05,Casual,717,718,100.00,43.73
1e-05,Casual,718,719,0.00,43.67
1e-05,Casual,719,720,0.00,43.61
1e-05,Casual,720,721,0.00,43.55
1e-05,Casual,721,722,0.00,43.49
1e-05,Casual,722,723,0.00,43.43
1e-05,Casual,723,724,100.00,43.51
1e-05,Casual,724,725,0.00,43.45
1e-05,Casual,725,726,100.00,43.53
1e-05,Casual,726,727,100.00,43.60
1e-05,Casual,727,728,100.00,43.68
1e-05,Casual,728,729,0.00,43.62
1e-05,Casual,729,730,100.00,43.70
1e-05,Casual,730,731,0.00,43.64
1e-05,Casual,731,732,0.00,43.58
1e-05,Casual,732,733,0.00,43.52
1e-05,Casual,733,734,100.00,43.60
1e-05,Casual,734,735,0.00,43.54
1e-05,Casual,735,736,100.00,43.61
1e-05,Casual,736,737,0.00,43.55
1e-05,Casual,737,738,100.00,43.63
1e-05,Casual,738,739,0.00,43.57
1e-05,Casual,739,740,100.00,43.65
1e-05,Casual,740,741,0.00,43.59
1e-05,Casual,741,742,100.00,43.67
1e-05,Casual,742,743,100.00,43.74
1e-05,Casual,743,744,0.00,43.68
1e-05,Casual,744,745,100.00,43.76
1e-05,Casual,745,746,100.00,43.83
1e-05,Casual,746,747,0.00,43.78
1e-05,Casual,747,748,0.00,43.72
1e-05,Casual,748,749,100.00,43.79
1e-05,Casual,749,750,100.00,43.87
1e-05,Casual,750,751,0.00,43.81
1e-05,Casual,751,752,0.00,43.75
1e-05,Casual,752,753,0.00,43.69
1e-05,Casual,753,754,0.00,43.63
1e-05,Casual,754,755,100.00,43.71
1e-05,Casual,755,756,100.00,43.78
1e-05,Casual,756,757,100.00,43.86
1e-05,Casual,757,758,0.00,43.80
1e-05,Casual,758,759,100.00,43.87
1e-05,Casual,759,760,100.00,43.95
1e-05,Casual,760,761,0.00,43.89
1e-05,Casual,761,762,0.00,43.83
1e-05,Casual,762,763,100.00,43.91
1e-05,Casual,763,764,0.00,43.85
1e-05,Casual,764,765,0.00,43.79
1e-05,Casual,765,766,0.00,43.73
1e-05,Casual,766,767,100.00,43.81
1e-05,Casual,767,768,100.00,43.88
1e-05,Casual,768,769,100.00,43.95
1e-05,Casual,769,770,100.00,44.03
1e-05,Casual,770,771,100.00,44.10
1e-05,Casual,771,772,100.00,44.17
1e-05,Casual,772,773,0.00,44.11
1e-05,Casual,773,774,0.00,44.06
1e-05,Casual,774,775,100.00,44.13
1e-05,Casual,775,776,0.00,44.07
1e-05,Casual,776,777,100.00,44.14
1e-05,Casual,777,778,0.00,44.09
1e-05,Casual,778,779,100.00,44.16
1e-05,Casual,779,780,0.00,44.10
1e-05,Casual,780,781,100.00,44.17
1e-05,Casual,781,782,100.00,44.25
1e-05,Casual,782,783,0.00,44.19
1e-05,Casual,783,784,100.00,44.26
1e-05,Casual,784,785,0.00,44.20
1e-05,Casual,785,786,0.00,44.15
1e-05,Casual,786,787,100.00,44.22
1e-05,Casual,787,788,0.00,44.16
1e-05,Casual,788,789,0.00,44.11
1e-05,Casual,789,790,0.00,44.05
1e-05,Casual,790,791,100.00,44.12
1e-05,Casual,791,792,0.00,44.07
1e-05,Casual,792,793,100.00,44.14
1e-05,Casual,793,794,0.00,44.08
1e-05,Casual,794,795,100.00,44.15
1e-05,Casual,795,796,0.00,44.10
1e-05,Casual,796,797,100.00,44.17
1e-05,Casual,797,798,0.00,44.11
1e-05,Casual,798,799,100.00,44.18
1e-05,Casual,799,800,100.00,44.25
1e-05,Casual,800,801,100.00,44.32
1e-05,Casual,801,802,0.00,44.26
1e-05,Casual,802,803,100.00,44.33
1e-05,Casual,803,804,0.00,44.28
1e-05,Casual,804,805,0.00,44.22
1e-05,Casual,805,806,100.00,44.29
1e-05,Casual,806,807,0.00,44.24
1e-05,Casual,807,808,100.00,44.31
1e-05,Casual,808,809,100.00,44.38
1e-05,Casual,809,810,0.00,44.32
1e-05,Casual,810,811,0.00,44.27
1e-05,Casual,811,812,100.00,44.33
1e-05,Casual,812,813,0.00,44.28
1e-05,Casual,813,814,0.00,44.23
1e-05,Casual,814,815,100.00,44.29
1e-05,Casual,815,816,0.00,44.24
1e-05,Casual,816,817,0.00,44.19
1e-05,Casual,817,818,0.00,44.13
1e-05,Casual,818,819,0.00,44.08
1e-05,Casual,819,820,0.00,44.02
1e-05,Casual,820,821,100.00,44.09
1e-05,Casual,821,822,0.00,44.04
1e-05,Casual,822,823,100.00,44.11
1e-05,Casual,823,824,100.00,44.17
1e-05,Casual,824,825,0.00,44.12
1e-05,Casual,825,826,100.00,44.19
1e-05,Casual,826,827,100.00,44.26
1e-05,Casual,827,828,0.00,44.20
1e-05,Casual,828,829,0.00,44.15
1e-05,Casual,829,830,0.00,44.10
1e-05,Casual,830,831,0.00,44.04
1e-05,Casual,831,832,0.00,43.99
1e-05,Casual,832,833,100.00,44.06
1e-05,Casual,833,834,100.00,44.12
1e-05,Casual,834,835,0.00,44.07
1e-05,Casual,835,836,100.00,44.14
1e-05,Casual,836,837,100.00,44.21
1e-05,Casual,837,838,100.00,44.27
1e-05,Casual,838,839,0.00,44.22
1e-05,Casual,839,840,100.00,44.29
1e-05,Casual,840,841,0.00,44.23
1e-05,Casual,841,842,0.00,44.18
1e-05,Casual,842,843,0.00,44.13
1e-05,Casual,843,844,0.00,44.08
1e-05,Casual,844,845,0.00,44.02
1e-05,Casual,845,846,0.00,43.97
1e-05,Casual,846,847,100.00,44.04
1e-05,Casual,847,848,100.00,44.10
1e-05,Casual,848,849,100.00,44.17
1e-05,Casual,849,850,100.00,44.24
1e-05,Casual,850,851,100.00,44.30
1e-05,Casual,851,852,0.00,44.25
1e-05,Casual,852,853,100.00,44.31
1e-05,Casual,853,854,100.00,44.38
1e-05,Casual,854,855,0.00,44.33
1e-05,Casual,855,856,0.00,44.28
1e-05,Casual,856,857,0.00,44.22
1e-05,Casual,857,858,0.00,44.17
1e-05,Casual,858,859,0.00,44.12
1e-05,Casual,859,860,0.00,44.07
1e-05,Casual,860,861,100.00,44.13
1e-05,Casual,861,862,100.00,44.20
1e-05,Casual,862,863,0.00,44.15
1e-05,Casual,863,864,100.00,44.21
1e-05,Casual,864,865,100.00,44.28
1e-05,Casual,865,866,0.00,44.23
1e-05,Casual,866,867,0.00,44.18
1e-05,Casual,867,868,0.00,44.12
1e-05,Casual,868,869,0.00,44.07
1e-05,Casual,869,870,0.00,44.02
1e-05,Casual,870,871,0.00,43.97
1e-05,Casual,871,872,0.00,43.92
1e-05,Casual,872,873,100.00,43.99
1e-05,Casual,873,874,0.00,43.94
1e-05,Casual,874,875,100.00,44.00
1e-05,Casual,875,876,100.00,44.06
1e-05,Casual,876,877,100.00,44.13
1e-05,Casual,877,878,100.00,44.19
1e-05,Casual,878,879,100.00,44.25
1e-05,Casual,879,880,100.00,44.32
1e-05,Casual,880,881,0.00,44.27
1e-05,Casual,881,882,100.00,44.33
1e-05,Casual,882,883,100.00,44.39
1e-05,Casual,883,884,0.00,44.34
1e-05,Casual,884,885,0.00,44.29
1e-05,Casual,885,886,0.00,44.24
1e-05,Casual,886,887,100.00,44.31
1e-05,Casual,887,888,100.00,44.37
1e-05,Casual,888,889,0.00,44.32
1e-05,Casual,889,890,100.00,44.38
1e-05,Casual,890,891,100.00,44.44
1e-05,Casual,891,892,0.00,44.39
1e-05,Casual,892,893,0.00,44.34
1e-05,Casual,893,894,100.00,44.41
1e-05,Casual,894,895,0.00,44.36
1e-05,Casual,895,896,0.00,44.31
1e-05,Casual,896,897,0.00,44.26
1e-05,Casual,897,898,100.00,44.32
1e-05,Casual,898,899,100.00,44.38
1e-05,Casual,899,900,0.00,44.33
1e-05,Casual,900,901,0.00,44.28
1e-05,Casual,901,902,0.00,44.24
1e-05,Casual,902,903,0.00,44.19
1e-05,Casual,903,904,100.00,44.25
1e-05,Casual,904,905,0.00,44.20
1e-05,Casual,905,906,0.00,44.15
1e-05,Casual,906,907,0.00,44.10
1e-05,Casual,907,908,100.00,44.16
1e-05,Casual,908,909,100.00,44.22
1e-05,Casual,909,910,100.00,44.29
1e-05,Casual,910,911,0.00,44.24
1e-05,Casual,911,912,0.00,44.19
1e-05,Casual,912,913,100.00,44.25
1e-05,Casual,913,914,0.00,44.20
1e-05,Casual,914,915,0.00,44.15
1e-05,Casual,915,916,0.00,44.10
1e-05,Casual,916,917,0.00,44.06
1e-05,Casual,917,918,100.00,44.12
1e-05,Casual,918,919,0.00,44.07
1e-05,Casual,919,920,100.00,44.13
1e-05,Casual,920,921,100.00,44.19
1e-05,Casual,921,922,0.00,44.14
1e-05,Casual,922,923,100.00,44.20
1e-05,Casual,923,924,0.00,44.16
1e-05,Casual,924,925,0.00,44.11
1e-05,Casual,925,926,100.00,44.17
1e-05,Casual,926,927,100.00,44.23
1e-05,Casual,927,928,0.00,44.18
1e-05,Casual,928,929,100.00,44.24
1e-05,Casual,929,930,100.00,44.30
1e-05,Casual,930,931,100.00,44.36
1e-05,Casual,931,932,0.00,44.31
1e-05,Casual,932,933,0.00,44.27
1e-05,Casual,933,934,0.00,44.22
1e-05,Casual,934,935,0.00,44.17
1e-05,Casual,935,936,0.00,44.12
1e-05,Casual,936,937,100.00,44.18
1e-05,Casual,937,938,0.00,44.14
1e-05,Casual,938,939,100.00,44.20
1e-05,Casual,939,940,100.00,44.26
1e-05,Casual,940,941,100.00,44.31
1e-05,Casual,941,942,0.00,44.27
1e-05,Casual,942,943,0.00,44.22
1e-05,Casual,943,944,100.00,44.28
1e-05,Casual,944,945,0.00,44.23
1e-05,Casual,945,946,100.00,44.29
1e-05,Casual,946,947,100.00,44.35
1e-05,Casual,947,948,100.00,44.41
1e-05,Casual,948,949,100.00,44.47
1e-05,Casual,949,950,100.00,44.53
1e-05,Casual,950,951,0.00,44.48
1e-05,Casual,951,952,0.00,44.43
1e-05,Casual,952,953,0.00,44.39
1e-05,Casual,953,954,100.00,44.44
1e-05,Casual,954,955,0.00,44.40
1e-05,Casual,955,956,0.00,44.35
1e-05,Casual,956,957,0.00,44.31
1e-05,Casual,957,958,100.00,44.36
1e-05,Casual,958,959,100.00,44.42
1e-05,Casual,959,960,100.00,44.48
1e-05,Casual,960,961,0.00,44.43
1e-05,Casual,961,962,100.00,44.49
1e-05,Casual,962,963,0.00,44.44
1e-05,Casual,963,964,100.00,44.50
1e-05,Casual,964,965,100.00,44.56
1e-05,Casual,965,966,100.00,44.62
1e-05,Casual,966,967,100.00,44.67
1e-05,Casual,967,968,0.00,44.63
1e-05,Casual,968,969,0.00,44.58
1e-05,Casual,969,970,100.00,44.64
1e-05,Casual,970,971,0.00,44.59
1e-05,Casual,971,972,0.00,44.55
1e-05,Casual,972,973,100.00,44.60
1e-05,Casual,973,974,100.00,44.66
1e-05,Casual,974,975,0.00,44.62
1e-05,Casual,975,976,100.00,44.67
1e-05,Casual,976,977,0.00,44.63
1e-05,Casual,977,978,0.00,44.58
1e-05,Casual,978,979,100.00,44.64
1e-05,Casual,979,980,0.00,44.59
1e-05,Casual,980,981,0.00,44.55
1e-05,Casual,981,982,0.00,44.50
1e-05,Casual,982,983,100.00,44.56
1e-05,Casual,983,984,0.00,44.51
1e-05,Casual,984,985,0.00,44.47
1e-05,Casual,985,986,100.00,44.52
1e-05,Casual,986,987,100.00,44.58
1e-05,Casual,987,988,0.00,44.53
1e-05,Casual,988,989,100.00,44.59
1e-05,Casual,989,990,0.00,44.55
1e-05,Casual,990,991,0.00,44.50
1e-05,Casual,991,992,100.00,44.56
1e-05,Casual,992,993,0.00,44.51
1e-05,Casual,993,994,0.00,44.47
1e-05,Casual,994,995,0.00,44.42
1e-05,Casual,995,996,0.00,44.38
1e-05,Casual,996,997,0.00,44.33
1e-05,Casual,997,998,0.00,44.29
1e-05,Casual,998,999,0.00,44.24
1e-05,Casual,999,1000,0.00,44.20
1e-05,Sorted,0,1,0.00,0.00
1e-05,Sorted,1,2,100.00,50.00
1e-05,Sorted,2,3,100.00,66.67
1e-05,Sorted,3,4,0.00,50.00
1e-05,Sorted,4,5,0.00,40.00
1e-05,Sorted,5,6,0.00,33.33
1e-05,Sorted,6,7,100.00,42.86
1e-05,Sorted,7,8,0.00,37.50
1e-05,Sorted,8,9,0.00,33.33
1e-05,Sorted,9,10,100.00,40.00
1e-05,Sorted,10,11,0.00,36.36
1e-05,Sorted,11,12,100.00,41.67
1e-05,Sorted,12,13,100.00,46.15
1e-05,Sorted,13,14,0.00,42.86
1e-05,Sorted,14,15,100.00,46.67
1e-05,Sorted,15,16,100.00,50.00
1e-05,Sorted,16,17,100.00,52.94
1e-05,Sorted,17,18,0.00,50.00
1e-05,Sorted,18,19,100.00,52.63
1e-05,Sorted,19,20,100.00,55.00
1e-05,Sorted,20,21,100.00,57.14
1e-05,Sorted,21,22,0.00,54.55
1e-05,Sorted,22,23,0.00,52.17
1e-05,Sorted,23,24,100.00,54.17
1e-05,Sorted,24,25,0.00,52.00
1e-05,Sorted,25,26,100.00,53.85
1e-05,Sorted,26,27,100.00,55.56
1e-05,Sorted,27,28,0.00,53.57
1e-05,Sorted,28,29,100.00,55.17
1e-05,Sorted,29,30,0.00,53.33
1e-05,Sorted,30,31,100.00,54.84
1e-05,Sorted,31,32,0.00,53.12
1e-05,Sorted,32,33,100.00,54.55
1e-05,Sorted,33,34,100.00,55.88
1e-05,Sorted,34,35,0.00,54.29
1e-05,Sorted,35,36,100.00,55.56
1e-05,Sorted,36,37,100.00,56.76
1e-05,Sorted,37,38,100.00,57.89
1e-05,Sorted,38,39,0.00,56.41
1e-05,Sorted,39,40,0.00,55.00
1e-05,Sorted,40,41,100.00,56.10
1e-05,Sorted,41,42,100.00,57.14
1e-05,Sorted,42,43,100.00,58.14
1e-05,Sorted,43,44,100.00,59.09
1e-05,Sorted,44,45,100.00,60.00
1e-05,Sorted,45,46,0.00,58.70
1e-05,Sorted,46,47,0.00,57.45
1e-05,Sorted,47,48,100.00,58.33
1e-05,Sorted,48,49,100.00,59.18
1e-05,Sorted,49,50,100.00,60.00
1e-05,Sorted,50,51,0.00,58.82
1e-05,Sorted,51,52,0.00,57.69
1e-05,Sorted,52,53,0.00,56.60
1e-05,Sorted,53,54,0.00,55.56
1e-05,Sorted,54,55,0.00,54.55
1e-05,Sorted,55,56,100.00,55.36
1e-05,Sorted,56,57,0.00,54.39
1e-05,Sorted,57,58,100.00,55.17
1e-05,Sorted,58,59,0.00,54.24
1e-05,Sorted,59,60,0.00,53.33
1e-05,Sorted,60,61,100.00,54.10
1e-05,Sorted,61,62,100.00,54.84
1e-05,Sorted,62,63,100.00,55.56
1e-05,Sorted,63,64,100.00,56.25
1e-05,Sorted,64,65,100.00,56.92
1e-05,Sorted,65,66,100.00,57.58
1e-05,Sorted,66,67,0.00,56.72
1e-05,Sorted,67,68,0.00,55.88
1e-05,Sorted,68,69,100.00,56.52
1e-05,Sorted,69,70,0.00,55.71
1e-05,Sorted,70,71,0.00,54.93
1e-05,Sorted,71,72,100.00,55.56
1e-05,Sorted,72,73,100.00,56.16
1e-05,Sorted,73,74,0.00,55.41
1e-05,Sorted,74,75,0.00,54.67
1e-05,Sorted,75,76,100.00,55.26
1e-05,Sorted,76,77,0.00,54.55
1e-05,Sorted,77,78,0.00,53.85
1e-05,Sorted,78,79,0.00,53.16
1e-05,Sorted,79,80,0.00,52.50
1e-05,Sorted,80,81,100.00,53.09
1e-05,Sorted,81,82,100.00,53.66
1e-05,Sorted,82,83,100.00,54.22
1e-05,Sorted,83,84,100.00,54.76
1e-05,Sorted,84,85,0.00,54.12
1e-05,Sorted,85,86,0.00,53.49
1e-05,Sorted,86,87,0.00,52.87
1e-05,Sorted,87,88,100.00,53.41
1e-05,Sorted,88,89,100.00,53.93
1e-05,Sorted,89,90,0.00,53.33
1e-05,Sorted,90,91,100.00,53.85
1e-05,Sorted,91,92,0.00,53.26
1e-05,Sorted,92,93,100.00,53.76
1e-05,Sorted,93,94,100.00,54.26
1e-05,Sorted,94,95,0.00,53.68
1e-05,Sorted,95,96,100.00,54.17
1e-05,Sorted,96,97,100.00,54.64
1e-05,Sorted,97,98,100.00,55.10
1e-05,Sorted,98,99,0.00,54.55
1e-05,Sorted,99,100,100.00,55.00
1e-05,Sorted,100,101,100.00,55.45
1e-05,Sorted,101,102,0.00,54.90
1e-05,Sorted,102,103,100.00,55.34
1e-05,Sorted,103,104,0.00,54.81
1e-05,Sorted,104,105,100.00,55.24
1e-05,Sorted,105,106,100.00,55.66
1e-05,Sorted,106,107,100.00,56.07
1e-05,Sorted,107,108,100.00,56.48
1e-05,Sorted,108,109,100.00,56.88
1e-05,Sorted,109,110,100.00,57.27
1e-05,Sorted,110,111,100.00,57.66
1e-05,Sorted,111,112,100.00,58.04
1e-05,Sorted,112,113,0.00,57.52
1e-05,Sorted,113,114,100.00,57.89
1e-05,Sorted,114,115,100.00,58.26
1e-05,Sorted,115,116,0.00,57.76
1e-05,Sorted,116,117,0.00,57.26
1e-05,Sorted,117,118,100.00,57.63
1e-05,Sorted,118,119,100.00,57.98
1e-05,Sorted,119,120,0.00,57.50
1e-05,Sorted,120,121,100.00,57.85
1e-05,Sorted,121,122,100.00,58.20
1e-05,Sorted,122,123,0.00,57.72
1e-05,Sorted,123,124,100.00,58.06
1e-05,Sorted,124,125,0.00,57.60
1e-05,Sorted,125,126,0.00,57.14
1e-05,Sorted,126,127,100.00,57.48
1e-05,Sorted,127,128,0.00,57.03
1e-05,Sorted,128,129,0.00,56.59
1e-05,Sorted,129,130,100.00,56.92
1e-05,Sorted,130,131,0.00,56.49
1e-05,Sorted,131,132,100.00,56.82
1e-05,Sorted,132,133,0.00,56.39
1e-05,Sorted,133,134,0.00,55.97
1e-05,Sorted,134,135,100.00,56.30
1e-05,Sorted,135,136,100.00,56.62
1e-05,Sorted,136,137,0.00,56.20
1e-05,Sorted,137,138,100.00,56.52
1e-05,Sorted,138,139,0.00,56.12
1e-05,Sorted,139,140,100.00,56.43
1e-05,Sorted,140,141,100.00,56.74
1e-05,Sorted,141,142,100.00,57.04
1e-05,Sorted,142,143,0.00,56.64
1e-05,Sorted,143,144,0.00,56.25
1e-05,Sorted,144,145,0.00,55.86
1e-05,Sorted,145,146,100.00,56.16
1e-05,Sorted,146,147,100.00,56.46
1e-05,Sorted,147,148,100.00,56.76
1e-05,Sorted,148,149,100.00,57.05
1e-05,Sorted,149,150,100.00,57.33
1e-05,Sorted,150,151,0.00,56.95
1e-05,Sorted,151,152,100.00,57.24
1e-05,Sorted,152,153,100.00,57.52
1e-05,Sorted,153,154,0.00,57.14
1e-05,Sorted,154,155,100.00,57.42
1e-05,Sorted,155,156,100.00,57.69
1e-05,Sorted,156,157,0.00,57.32
1e-05,Sorted,157,158,100.00,57.59
1e-05,Sorted,158,159,0.00,57.23
1e-05,Sorted,159,160,100.00,57.50
1e-05,Sorted,160,161,0.00,57.14
1e-05,Sorted,161,162,0.00,56.79
1e-05,Sorted,162,163,0.00,56.44
1e-05,Sorted,163,164,100.00,56.71
1e-05,Sorted,164,165,100.00,56.97
1e-05,Sorted,165,166,0.00,56.63
1e-05,Sorted,166,167,100.00,56.89
1e-05,Sorted,167,168,100.00,57.14
1e-05,Sorted,168,169,100.00,57.40
1e-05,Sorted,169,170,0.00,57.06
1e-05,Sorted,170,171,100.00,57.31
1e-05,Sorted,171,172,100.00,57.56
1e-05,Sorted,172,173,100.00,57.80
1e-05,Sorted,173,174,100.00,58.05
1e-05,Sorted,174,175,0.00,57.71
1e-05,Sorted,175,176,0.00,57.39
1e-05,Sorted,176,177,100.00,57.63
1e-05,Sorted,177,178,0.00,57.30
1e-05,Sorted,178,179,0.00,56.98
1e-05,Sorted,179,180,100.00,57.22
1e-05,Sorted,180,181,100.00,57.46
1e-05,Sorted,181,182,0.00,57.14
1e-05,Sorted,182,183,100.00,57.38
1e-05,Sorted,183,184,100.00,57.61
1e-05,Sorted,184,185,0.00,57.30
1e-05,Sorted,185,186,100.00,57.53
1e-05,Sorted,186,187,100.00,57.75
1e-05,Sorted,187,188,100.00,57.98
1e-05,Sorted,188,189,0.00,57.67
1e-05,Sorted,189,190,0.00,57.37
1e-05,Sorted,190,191,100.00,57.59
1e-05,Sorted,191,192,0.00,57.29
1e-05,Sorted,192,193,100.00,57.51
1e-05,Sorted,193,194,0.00,57.22
1e-05,Sorted,194,195,100.00,57.44
1e-05,Sorted,195,196,0.00,57.14
1e-05,Sorted,196,197,0.00,56.85
1e-05,Sorted,197,198,100.00,57.07
1e-05,Sorted,198,199,0.00,56.78
1e-05,Sorted,199,200,0.00,56.50
1e-05,Sorted,200,201,100.00,56.72
1e-05,Sorted,201,202,100.00,56.93
1e-05,Sorted,202,203,0.00,56.65
1e-05,Sorted,203,204,100.00,56.86
1e-05,Sorted,204,205,100.00,57.07
1e-05,Sorted,205,206,100.00,57.28
1e-05,Sorted,206,207,100.00,57.49
1e-05,Sorted,207,208,100.00,57.69
1e-05,Sorted,208,209,0.00,57.42
1e-05,Sorted,209,210,100.00,57.62
1e-05,Sorted,210,211,100.00,57.82
1e-05,Sorted,211,212,0.00,57.55
1e-05,Sorted,212,213,0.00,57.28
1e-05,Sorted,213,214,100.00,57.48
1e-05,Sorted,214,215,0.00,57.21
1e-05,Sorted,215,216,100.00,57.41
1e-05,Sorted,216,217,0.00,57.14
1e-05,Sorted,217,218,100.00,57.34
1e-05,Sorted,218,219,100.00,57.53
1e-05,Sorted,219,220,100.00,57.73
1e-05,Sorted,220,221,100.00,57.92
1e-05,Sorted,221,222,100.00,58.11
1e-05,Sorted,222,223,0.00,57.85
1e-05,Sorted,223,224,100.00,58.04
1e-05,Sorted,224,225,0.00,57.78
1e-05,Sorted,225,226,0.00,57.52
1e-05,Sorted,226,227,100.00,57.71
1e-05,Sorted,227,228,0.00,57.46
1e-05,Sorted,228,229,0.00,57.21
1e-05,Sorted,229,230,0.00,56.96
1e-05,Sorted,230,231,0.00,56.71
1e-05,Sorted,231,232,100.00,56.90
1e-05,Sorted,232,233,100.00,57.08
1e-05,Sorted,233,234,100.00,57.26
1e-05,Sorted,234,235,100.00,57.45
1e-05,Sorted,235,236,0.00,57.20
1e-05,Sorted,236,237,0.00,56.96
1e-05,Sorted,237,238,100.00,57.14
1e-05,Sorted,238,239,100.00,57.32
1e-05,Sorted,239,240,100.00,57.50
1e-05,Sorted,240,241,100.00,57.68
1e-05,Sorted,241,242,100.00,57.85
1e-05,Sorted,242,243,100.00,58.02
1e-05,Sorted,243,244,0.00,57.79
1e-05,Sorted,244,245,0.00,57.55
1e-05,Sorted,245,246,100.00,57.72
1e-05,Sorted,246,247,100.00,57.89
1e-05,Sorted,247,248,100.00,58.06
1e-05,Sorted,248,249,0.00,57.83
1e-05,Sorted,249,250,0.00,57.60
1e-05,Sorted,250,251,100.00,57.77
1e-05,Sorted,251,252,0.00,57.54
1e-05,Sorted,252,253,0.00,57.31
1e-05,Sorted,253,254,0.00,57.09
1e-05,Sorted,254,255,100.00,57.25
1e-05,Sorted,255,256,100.00,57.42
1e-05,Sorted,256,257,0.00,57.20
1e-05,Sorted,257,258,100.00,57.36
1e-05,Sorted,258,259,100.00,57.53
1e-05,Sorted,259,260,0.00,57.31
1e-05,Sorted,260,261,100.00,57.47
1e-05,Sorted,261,262,100.00,57.63
1e-05,Sorted,262,263,100.00,57.79
1e-05,Sorted,263,264,0.00,57.58
1e-05,Sorted,264,265,0.00,57.36
1e-05,Sorted,265,266,100.00,57.52
1e-05,Sorted,266,267,0.00,57.30
1e-05,Sorted,267,268,100.00,57.46
1e-05,Sorted,268,269,0.00,57.25
1e-05,Sorted,269,270,0.00,57.04
1e-05,Sorted,270,271,0.00,56.83
1e-05,Sorted,271,272,0.00,56.62
1e-05,Sorted,272,273,100.00,56.78
1e-05,Sorted,273,274,0.00,56.57
1e-05,Sorted,274,275,0.00,56.36
1e-05,Sorted,275,276,0.00,56.16
1e-05,Sorted,276,277,0.00,55.96
1e-05,Sorted,277,278,100.00,56.12
1e-05,Sorted,278,279,0.00,55.91
1e-05,Sorted,279,280,100.00,56.07
1e-05,Sorted,280,281,0.00,55.87
1e-05,Sorted,281,282,100.00,56.03
1e-05,Sorted,282,283,0.00,55.83
1e-05,Sorted,283,284,0.00,55.63
1e-05,Sorted,284,285,100.00,55.79
1e-05,Sorted,285,286,100.00,55.94
1e-05,Sorted,286,287,100.00,56.10
1e-05,Sorted,287,288,100.00,56.25
1e-05,Sorted,288,289,100.00,56.40
1e-05,Sorted,289,290,100.00,56.55
1e-05,Sorted,290,291,100.00,56.70
1e-05,Sorted,291,292,0.00,56.51
1e-05,Sorted,292,293,0.00,56.31
1e-05,Sorted,293,294,0.00,56.12
1e-05,Sorted,294,295,100.00,56.27
1e-05,Sorted,295,296,100.00,56.42
1e-05,Sorted,296,297,0.00,56.23
1e-05,Sorted,297,298,100.00,56.38
1e-05,Sorted,298,299,0.00,56.19
1e-05,Sorted,299,300,0.00,56.00
1e-05,Sorted,300,301,100.00,56.15
1e-05,Sorted,301,302,100.00,56.29
1e-05,Sorted,302,303,0.00,56.11
1e-05,Sorted,303,304,100.00,56.25
1e-05,Sorted,304,305,0.00,56.07
1e-05,Sorted,305,306,0.00,55.88
1e-05,Sorted,306,307,0.00,55.70
1e-05,Sorted,307,308,0.00,55.52
1e-05,Sorted,308,309,100.00,55.66
1e-05,Sorted,309,310,0.00,55.48
1e-05,Sorted,310,311,0.00,55.31
1e-05,Sorted,311,312,0.00,55.13
1e-05,Sorted,312,313,0.00,54.95
1e-05,Sorted,313,314,0.00,54.78
1e-05,Sorted,314,315,100.00,54.92
1e-05,Sorted,315,316,100.00,55.06
1e-05,Sorted,316,317,0.00,54.89
1e-05,Sorted,317,318,100.00,55.03
1e-05,Sorted,318,319,100.00,55.17
1e-05,Sorted,319,320,0.00,55.00
1e-05,Sorted,320,321,100.00,55.14
1e-05,Sorted,321,322,0.00,54.97
1e-05,Sorted,322,323,100.00,55.11
1e-05,Sorted,323,324,0.00,54.94
1e-05,Sorted,324,325,0.00,54.77
1e-05,Sorted,325,326,100.00,54.91
1e-05,Sorted,326,327,100.00,55.05
1e-05,Sorted,327,328,100.00,55.18
1e-05,Sorted,328,329,0.00,55.02
1e-05,Sorted,329,330,0.00,54.85
1e-05,Sorted,330,331,100.00,54.98
1e-05,Sorted,331,332,0.00,54.82
1e-05,Sorted,332,333,0.00,54.65
1e-05,Sorted,333,334,0.00,54.49
1e-05,Sorted,334,335,0.00,54.33
1e-05,Sorted,335,336,100.00,54.46
1e-05,Sorted,336,337,100.00,54.60
1e-05,Sorted,337,338,100.00,54.73
1e-05,Sorted,338,339,0.00,54.57
1e-05,Sorted,339,340,100.00,54.71
1e-05,Sorted,340,341,100.00,54.84
1e-05,Sorted,341,342,0.00,54.68
1e-05,Sorted,342,343,100.00,54.81
1e-05,Sorted,343,344,0.00,54.65
1e-05,Sorted,344,345,0.00,54.49
1e-05,Sorted,345,346,0.00,54.34
1e-05,Sorted,346,347,100.00,54.47
1e-05,Sorted,347,348,0.00,54.31
1e-05,Sorted,348,349,0.00,54.15
1e-05,Sorted,349,350,100.00,54.29
1e-05,Sorted,350,351,0.00,54.13
1e-05,Sorted,351,352,100.00,54.26
1e-05,Sorted,352,353,0.00,54.11
1e-05,Sorted,353,354,100.00,54.24
1e-05,Sorted,354,355,100.00,54.37
1e-05,Sorted,355,356,100.00,54.49
1e-05,Sorted,356,357,0.00,54.34
1e-05,Sorted,357,358,100.00,54.47
1e-05,Sorted,358,359,0.00,54.32
1e-05,Sorted,359,360,100.00,54.44
1e-05,Sorted,360,361,0.00,54.29
1e-05,Sorted,361,362,100.00,54.42
1e-05,Sorted,362,363,0.00,54.27
1e-05,Sorted,363,364,0.00,54.12
1e-05,Sorted,364,365,0.00,53.97
1e-05,Sorted,365,366,0.00,53.83
1e-05,Sorted,366,367,0.00,53.68
1e-05,Sorted,367,368,100.00,53.80
1e-05,Sorted,368,369,100.00,53.93
1e-05,Sorted,369,370,0.00,53.78
1e-05,Sorted,370,371,0.00,53.64
1e-05,Sorted,371,372,0.00,53.49
1e-05,Sorted,372,373,0.00,53.35
1e-05,Sorted,373,374,0.00,53.21
1e-05,Sorted,374,375,100.00,53.33
1e-05,Sorted,375,376,100.00,53.46
1e-05,Sorted,376,377,0.00,53.32
1e-05,Sorted,377,378,0.00,53.17
1e-05,Sorted,378,379,0.00,53.03
1e-05,Sorted,379,380,100.00,53.16
1e-05,Sorted,380,381,0.00,53.02
1e-05,Sorted,381,382,0.00,52.88
1e-05,Sorted,382,383,0.00,52.74
1e-05,Sorted,383,384,100.00,52.86
1e-05,Sorted,384,385,100.00,52.99
1e-05,Sorted,385,386,0.00,52.85
1e-05,Sorted,386,387,0.00,52.71
1e-05,Sorted,387,388,100.00,52.84
1e-05,Sorted,388,389,100.00,52.96
1e-05,Sorted,389,390,0.00,52.82
1e-05,Sorted,390,391,100.00,52.94
1e-05,Sorted,391,392,0.00,52.81
1e-05,Sorted,392,393,0.00,52.67
1e-05,Sorted,393,394,0.00,52.54
1e-05,Sorted,394,395,0.00,52.41
1e-05,Sorted,395,396,100.00,52.53
1e-05,Sorted,396,397,100.00,52.64
1e-05,Sorted,397,398,100.00,52.76
1e-05,Sorted,398,399,0.00,52.63
1e-05,Sorted,399,400,100.00,52.75
1e-05,Sorted,400,401,100.00,52.87
1e-05,Sorted,401,402,100.00,52.99
1e-05,Sorted,402,403,100.00,53.10
1e-05,Sorted,403,404,0.00,52.97
1e-05,Sorted,404,405,0.00,52.84
1e-05,Sorted,405,406,100.00,52.96
1e-05,Sorted,406,407,0.00,52.83
1e-05,Sorted,407,408,100.00,52.94
1e-05,Sorted,408,409,0.00,52.81
1e-05,Sorted,409,410,100.00,52.93
1e-05,Sorted,410,411,0.00,52.80
1e-05,Sorted,411,412,100.00,52.91
1e-05,Sorted,412,413,0.00,52.78
1e-05,Sorted,413,414,0.00,52.66
1e-05,Sorted,414,415,0.00,52.53
1e-05,Sorted,415,416,100.00,52.64
1e-05,Sorted,416,417,100.00,52.76
1e-05,Sorted,417,418,0.00,52.63
1e-05,Sorted,418,419,100.00,52.74
1e-05,Sorted,419,420,100.00,52.86
1e-05,Sorted,420,421,0.00,52.73
1e-05,Sorted,421,422,100.00,52.84
1e-05,Sorted,422,423,100.00,52.96
1e-05,Sorted,423,424,100.00,53.07
1e-05,Sorted,424,425,0.00,52.94
1e-05,Sorted,425,426,0.00,52.82
1e-05,Sorted,426,427,0.00,52.69
1e-05,Sorted,427,428,100.00,52.80
1e-05,Sorted,428,429,0.00,52.68
1e-05,Sorted,429,430,100.00,52.79
1e-05,Sorted,430,431,100.00,52.90
1e-05,Sorted,431,432,100.00,53.01
1e-05,Sorted,432,433,0.00,52.89
1e-05,Sorted,433,434,100.00,53.00
1e-05,Sorted,434,435,0.00,52.87
1e-05,Sorted,435,436,100.00,52.98
1e-05,Sorted,436,437,100.00,53.09
1e-05,Sorted,437,438,100.00,53.20
1e-05,Sorted,438,439,0.00,53.08
1e-05,Sorted,439,440,0.00,52.95
1e-05,Sorted,440,441,100.00,53.06
1e-05,Sorted,441,442,0.00,52.94
1e-05,Sorted,442,443,100.00,53.05
1e-05,Sorted,443,444,0.00,52.93
1e-05,Sorted,444,445,0.00,52.81
1e-05,Sorted,445,446,0.00,52.69
1e-05,Sorted,446,447,0.00,52.57
1e-05,Sorted,447,448,100.00,52.68
1e-05,Sorted,448,449,0.00,52.56
1e-05,Sorted,449,450,0.00,52.44
1e-05,Sorted,450,451,0.00,52.33
1e-05,Sorted,451,452,100.00,52.43
1e-05,Sorted,452,453,0.00,52.32
1e-05,Sorted,453,454,0.00,52.20
1e-05,Sorted,454,455,0.00,52.09
1e-05,Sorted,455,456,100.00,52.19
1e-05,Sorted,456,457,0.00,52.08
1e-05,Sorted,457,458,0.00,51.97
1e-05,Sorted,458,459,0.00,51.85
1e-05,Sorted,459,460,100.00,51.96
1e-05,Sorted,460,461,0.00,51.84
1e-05,Sorted,461,462,100.00,51.95
1e-05,Sorted,462,463,0.00,51.84
1e-05,Sorted,463,464,0.00,51.72
1e-05,Sorted,464,465,100.00,51.83
1e-05,Sorted,465,466,0.00,51.72
1e-05,Sorted,466,467,100.00,51.82
1e-05,Sorted,467,468,100.00,51.92
1e-05,Sorted,468,469,0.00,51.81
1e-05,Sorted,469,470,100.00,51.91
1e-05,Sorted,470,471,100.00,52.02
1e-05,Sorted,471,472,0.00,51.91
1e-05,Sorted,472,473,0.00,51.80
1e-05,Sorted,473,474,0.00,51.69
1e-05,Sorted,474,475,100.00,51.79
1e-05,Sorted,475,476,0.00,51.68
1e-05,Sorted,476,477,100.00,51.78
1e-05,Sorted,477,478,0.00,51.67
1e-05,Sorted,478,479,0.00,51.57
1e-05,Sorted,479,480,100.00,51.67
1e-05,Sorted,480,481,0.00,51.56
1e-05,Sorted,481,482,0.00,51.45
1e-05,Sorted,482,483,0.00,51.35
1e-05,Sorted,483,484,0.00,51.24
1e-05,Sorted,484,485,100.00,51.34
1e-05,Sorted,485,486,0.00,51.23
1e-05,Sorted,486,487,100.00,51.33
1e-05,Sorted,487,488,0.00,51.23
1e-05,Sorted,488,489,0.00,51.12
1e-05,Sorted,489,490,100.00,51.22
1e-05,Sorted,490,491,100.00,51.32
1e-05,Sorted,491,492,100.00,51.42
1e-05,Sorted,492,493,100.00,51.52
1e-05,Sorted,493,494,0.00,51.42
1e-05,Sorted,494,495,0.00,51.31
1e-05,Sorted,495,496,0.00,51.21
1e-05,Sorted,496,497,0.00,51.11
1e-05,Sorted,497,498,0.00,51.00
1e-05,Sorted,498,499,0.00,50.90
1e-05,Sorted,499,500,100.00,51.00
1e-05,Sorted,500,501,100.00,51.10
1e-05,Sorted,501,502,0.00,51.00
1e-05,Sorted,502,503,0.00,50.89
1e-05,Sorted,503,504,100.00,50.99
1e-05,Sorted,504,505,0.00,50.89
1e-05,Sorted,505,506,0.00,50.79
1e-05,Sorted,506,507,0.00,50.69
1e-05,Sorted,507,508,100.00,50.79
1e-05,Sorted,508,509,0.00,50.69
1e-05,Sorted,509,510,0.00,50.59
1e-05,Sorted,510,511,0.00,50.49
1e-05,Sorted,511,512,0.00,50.39
1e-05,Sorted,512,513,0.00,50.29
1e-05,Sorted,513,514,0.00,50.19
1e-05,Sorted,514,515,0.00,50.10
1e-05,Sorted,515,516,100.00,50.19
1e-05,Sorted,516,517,0.00,50.10
1e-05,Sorted,517,518,0.00,50.00
1e-05,Sorted,518,519,0.00,49.90
1e-05,Sorted,519,520,100.00,50.00
1e-05,Sorted,520,521,100.00,50.10
1e-05,Sorted,521,522,100.00,50.19
1e-05,Sorted,522,523,0.00,50.10
1e-05,Sorted,523,524,100.00,50.19
1e-05,Sorted,524,525,0.00,50.10
1e-05,Sorted,525,526,100.00,50.19
1e-05,Sorted,526,527,0.00,50.09
1e-05,Sorted,527,528,100.00,50.19
1e-05,Sorted,528,529,100.00,50.28
1e-05,Sorted,529,530,100.00,50.38
1e-05,Sorted,530,531,100.00,50.47
1e-05,Sorted,531,532,0.00,50.38
1e-05,Sorted,532,533,0.00,50.28
1e-05,Sorted,533,534,100.00,50.37
1e-05,Sorted,534,535,100.00,50.47
1e-05,Sorted,535,536,100.00,50.56
1e-05,Sorted,536,537,100.00,50.65
1e-05,Sorted,537,538,0.00,50.56
1e-05,Sorted,538,539,0.00,50.46
1e-05,Sorted,539,540,0.00,50.37
1e-05,Sorted,540,541,100.00,50.46
1e-05,Sorted,541,542,0.00,50.37
1e-05,Sorted,542,543,100.00,50.46
1e-05,Sorted,543,544,0.00,50.37
1e-05,Sorted,544,545,100.00,50.46
1e-05,Sorted,545,546,100.00,50.55
1e-05,Sorted,546,547,0.00,50.46
1e-05,Sorted,547,548,100.00,50.55
1e-05,Sorted,548,549,100.00,50.64
1e-05,Sorted,549,550,0.00,50.55
1e-05,Sorted,550,551,0.00,50.45
1e-05,Sorted,551,552,0.00,50.36
1e-05,Sorted,552,553,0.00,50.27
1e-05,Sorted,553,554,100.00,50.36
1e-05,Sorted,554,555,0.00,50.27
1e-05,Sorted,555,556,0.00,50.18
1e-05,Sorted,556,557,0.00,50.09
1e-05,Sorted,557,558,0.00,50.00
1e-05,Sorted,558,559,100.00,50.09
1e-05,Sorted,559,560,100.00,50.18
1e-05,Sorted,560,561,100.00,50.27
1e-05,Sorted,561,562,0.00,50.18
1e-05,Sorted,562,563,100.00,50.27
1e-05,Sorted,563,564,0.00,50.18
1e-05,Sorted,564,565,0.00,50.09
1e-05,Sorted,565,566,100.00,50.18
1e-05,Sorted,566,567,100.00,50.26
1e-05,Sorted,567,568,100.00,50.35
1e-05,Sorted,568,569,0.00,50.26
1e-05,Sorted,569,570,100.00,50.35
1e-05,Sorted,570,571,0.00,50.26
1e-05,Sorted,571,572,0.00,50.17
1e-05,Sorted,572,573,0.00,50.09
1e-05,Sorted,573,574,0.00,50.00
1e-05,Sorted,574,575,0.00,49.91
1e-05,Sorted,575,576,100.00,50.00
1e-05,Sorted,576,577,0.00,49.91
1e-05,Sorted,577,578,0.00,49.83
1e-05,Sorted,578,579,0.00,49.74
1e-05,Sorted,579,580,100.00,49.83
1e-05,Sorted,580,581,100.00,49.91
1e-05,Sorted,581,582,100.00,50.00
1e-05,Sorted,582,583,100.00,50.09
1e-05,Sorted,583,584,0.00,50.00
1e-05,Sorted,584,585,100.00,50.09
1e-05,Sorted,585,586,100.00,50.17
1e-05,Sorted,586,587,0.00,50.09
1e-05,Sorted,587,588,0.00,50.00
1e-05,Sorted,588,589,0.00,49.92
1e-05,Sorted,589,590,0.00,49.83
1e-05,Sorted,590,591,0.00,49.75
1e-05,Sorted,591,592,0.00,49.66
1e-05,Sorted,592,593,0.00,49.58
1e-05,Sorted,593,594,0.00,49.49
1e-05,Sorted,594,595,100.00,49.58
1e-05,Sorted,595,596,100.00,49.66
1e-05,Sorted,596,597,0.00,49.58
1e-05,Sorted,597,598,100.00,49.67
1e-05,Sorted,598,599,0.00,49.58
1e-05,Sorted,599,600,100.00,49.67
1e-05,Sorted,600,601,100.00,49.75
1e-05,Sorted,601,602,100.00,49.83
1e-05,Sorted,602,603,0.00,49.75
1e-05,Sorted,603,604,100.00,49.83
1e-05,Sorted,604,605,100.00,49.92
1e-05,Sorted,605,606,0.00,49.83
1e-05,Sorted,606,607,0.00,49.75
1e-05,Sorted,607,608,0.00,49.67
1e-05,Sorted,608,609,100.00,49.75
1e-05,Sorted,609,610,0.00,49.67
1e-05,Sorted,610,611,100.00,49.75
1e-05,Sorted,611,612,0.00,49.67
1e-05,Sorted,612,613,100.00,49.76
1e-05,Sorted,613,614,0.00,49.67
1e-05,Sorted,614,615,100.00,49.76
1e-05,Sorted,615,616,100.00,49.84
1e-05,Sorted,616,617,0.00,49.76
1e-05,Sorted,617,618,0.00,49.68
1e-05,Sorted,618,619,0.00,49.60
1e-05,Sorted,619,620,100.00,49.68
1e-05,Sorted,620,621,0.00,49.60
1e-05,Sorted,621,622,100.00,49.68
1e-05,Sorted,622,623,0.00,49.60
1e-05,Sorted,623,624,100.00,49.68
1e-05,Sorted,624,625,0.00,49.60
1e-05,Sorted,625,626,0.00,49.52
1e-05,Sorted,626,627,0.00,49.44
1e-05,Sorted,627,628,0.00,49.36
1e-05,Sorted,628,629,100.00,49.44
1e-05,Sorted,629,630,0.00,49.37
1e-05,Sorted,630,631,0.00,49.29
1e-05,Sorted,631,632,100.00,49.37
1e-05,Sorted,632,633,100.00,49.45
1e-05,Sorted,633,634,100.00,49.53
1e-05,Sorted,634,635,0.00,49.45
1e-05,Sorted,635,636,0.00,49.37
1e-05,Sorted,636,637,0.00,49.29
1e-05,Sorted,637,638,100.00,49.37
1e-05,Sorted,638,639,0.00,49.30
1e-05,Sorted,639,640,0.00,49.22
1e-05,Sorted,640,641,0.00,49.14
1e-05,Sorted,641,642,100.00,49.22
1e-05,Sorted,642,643,0.00,49.14
1e-05,Sorted,643,644,100.00,49.22
1e-05,Sorted,644,645,100.00,49.30
1e-05,Sorted,645,646,100.00,49.38
1e-05,Sorted,646,647,100.00,49.46
1e-05,Sorted,647,648,0.00,49.38
1e-05,Sorted,648,649,0.00,49.31
1e-05,Sorted,649,650,100.00,49.38
1e-05,Sorted,650,651,0.00,49.31
1e-05,Sorted,651,652,0.00,49.23
1e-05,Sorted,652,653,0.00,49.16
1e-05,Sorted,653,654,0.00,49.08
1e-05,Sorted,654,655,100.00,49.16
1e-05,Sorted,655,656,100.00,49.24
1e-05,Sorted,656,657,0.00,49.16
1e-05,Sorted,657,658,100.00,49.24
1e-05,Sorted,658,659,100.00,49.32
1e-05,Sorted,659,660,100.00,49.39
1e-05,Sorted,660,661,0.00,49.32
1e-05,Sorted,661,662,0.00,49.24
1e-05,Sorted,662,663,100.00,49.32
1e-05,Sorted,663,664,100.00,49.40
1e-05,Sorted,664,665,0.00,49.32
1e-05,Sorted,665,666,100.00,49.40
1e-05,Sorted,666,667,0.00,49.33
1e-05,Sorted,667,668,0.00,49.25
1e-05,Sorted,668,669,0.00,49.18
1e-05,Sorted,669,670,100.00,49.25
1e-05,Sorted,670,671,0.00,49.18
1e-05,Sorted,671,672,100.00,49.26
1e-05,Sorted,672,673,0.00,49.18
1e-05,Sorted,673,674,100.00,49.26
1e-05,Sorted,674,675,100.00,49.33
1e-05,Sorted,675,676,0.00,49.26
1e-05,Sorted,676,677,0.00,49.19
1e-05,Sorted,677,678,100.00,49.26
1e-05,Sorted,678,679,100.00,49.34
1e-05,Sorted,679,680,0.00,49.26
1e-05,Sorted,680,681,100.00,49.34
1e-05,Sorted,681,682,100.00,49.41
1e-05,Sorted,682,683,0.00,49.34
1e-05,Sorted,683,684,100.00,49.42
1e-05,Sorted,684,685,0.00,49.34
1e-05,Sorted,685,686,0.00,49.27
1e-05,Sorted,686,687,0.00,49.20
1e-05,Sorted,687,688,0.00,49.13
1e-05,Sorted,688,689,0.00,49.06
1e-05,Sorted,689,690,100.00,49.13
1e-05,Sorted,690,691,100.00,49.20
1e-05,Sorted,691,692,0.00,49.13
1e-05,Sorted,692,693,0.00,49.06
1e-05,Sorted,693,694,0.00,48.99
1e-05,Sorted,694,695,100.00,49.06
1e-05,Sorted,695,696,0.00,48.99
1e-05,Sorted,696,697,0.00,48.92
1e-05,Sorted,697,698,0.00,48.85
1e-05,Sorted,698,699,0.00,48.78
1e-05,Sorted,699,700,100.00,48.86
1e-05,Sorted,700,701,0.00,48.79
1e-05,Sorted,701,702,100.00,48.86
1e-05,Sorted,702,703,100.00,48.93
1e-05,Sorted,703,704,0.00,48.86
1e-05,Sorted,704,705,0.00,48.79
1e-05,Sorted,705,706,0.00,48.73
1e-05,Sorted,706,707,0.00,48.66
1e-05,Sorted,707,708,100.00,48.73
1e-05,Sorted,708,709,0.00,48.66
1e-05,Sorted,709,710,0.00,48.59
1e-05,Sorted,710,711,0.00,48.52
1e-05,Sorted,711,712,100.00,48.60
1e-05,Sorted,712,713,100.00,48.67
1e-05,Sorted,713,714,100.00,48.74
1e-05,Sorted,714,715,0.00,48.67
1e-05,Sorted,715,716,0.00,48.60
1e-05,Sorted,716,717,0.00,48.54
1e-05,Sorted,717,718,0.00,48.47
1e-05,Sorted,718,719,0.00,48.40
1e-05,Sorted,719,720,100.00,48.47
1e-05,Sorted,720,721,100.00,48.54
1e-05,Sorted,721,722,0.00,48.48
1e-05,Sorted,722,723,100.00,48.55
1e-05,Sorted,723,724,100.00,48.62
1e-05,Sorted,724,725,100.00,48.69
1e-05,Sorted,725,726,0.00,48.62
1e-05,Sorted,726,727,100.00,48.69
1e-05,Sorted,727,728,0.00,48.63
1e-05,Sorted,728,729,0.00,48.56
1e-05,Sorted,729,730,0.00,48.49
1e-05,Sorted,730,731,0.00,48.43
1e-05,Sorted,731,732,100.00,48.50
1e-05,Sorted,732,733,100.00,48.57
1e-05,Sorted,733,734,0.00,48.50
1e-05,Sorted,734,735,0.00,48.44
1e-05,Sorted,735,736,0.00,48.37
1e-05,Sorted,736,737,0.00,48.30
1e-05,Sorted,737,738,0.00,48.24
1e-05,Sorted,738,739,0.00,48.17
1e-05,Sorted,739,740,100.00,48.24
1e-05,Sorted,740,741,0.00,48.18
1e-05,Sorted,741,742,0.00,48.11
1e-05,Sorted,742,743,0.00,48.05
1e-05,Sorted,743,744,100.00,48.12
1e-05,Sorted,744,745,0.00,48.05
1e-05,Sorted,745,746,0.00,47.99
1e-05,Sorted,746,747,0.00,47.93
1e-05,Sorted,747,748,0.00,47.86
1e-05,Sorted,748,749,0.00,47.80
1e-05,Sorted,749,750,0.00,47.73
1e-05,Sorted,750,751,0.00,47.67
1e-05,Sorted,751,752,100.00,47.74
1e-05,Sorted,752,753,0.00,47.68
1e-05,Sorted,753,754,0.00,47.61
1e-05,Sorted,754,755,0.00,47.55
1e-05,Sorted,755,756,100.00,47.62
1e-05,Sorted,756,757,0.00,47.56
1e-05,Sorted,757,758,0.00,47.49
1e-05,Sorted,758,759,100.00,47.56
1e-05,Sorted,759,760,0.00,47.50
1e-05,Sorted,760,761,0.00,47.44
1e-05,Sorted,761,762,0.00,47.38
1e-05,Sorted,762,763,0.00,47.31
1e-05,Sorted,763,764,100.00,47.38
1e-05,Sorted,764,765,0.00,47.32
1e-05,Sorted,765,766,100.00,47.39
1e-05,Sorted,766,767,100.00,47.46
1e-05,Sorted,767,768,0.00,47.40
1e-05,Sorted,768,769,0.00,47.33
1e-05,Sorted,769,770,100.00,47.40
1e-05,Sorted,770,771,100.00,47.47
1e-05,Sorted,771,772,0.00,47.41
1e-05,Sorted,772,773,100.00,47.48
1e-05,Sorted,773,774,0.00,47.42
1e-05,Sorted,774,775,100.00,47.48
1e-05,Sorted,775,776,0.00,47.42
1e-05,Sorted,776,777,100.00,47.49
1e-05,Sorted,777,778,100.00,47.56
1e-05,Sorted,778,779,0.00,47.50
1e-05,Sorted,779,780,0.00,47.44
1e-05,Sorted,780,781,0.00,47.38
1e-05,Sorted,781,782,0.00,47.31
1e-05,Sorted,782,783,100.00,47.38
1e-05,Sorted,783,784,0.00,47.32
1e-05,Sorted,784,785,0.00,47.26
1e-05,Sorted,785,786,100.00,47.33
1e-05,Sorted,786,787,0.00,47.27
1e-05,Sorted,787,788,0.00,47.21
1e-05,Sorted,788,789,0.00,47.15
1e-05,Sorted,789,790,0.00,47.09
1e-05,Sorted,790,791,100.00,47.16
1e-05,Sorted,791,792,100.00,47.22
1e-05,Sorted,792,793,0.00,47.16
1e-05,Sorted,793,794,0.00,47.10
1e-05,Sorted,794,795,0.00,47.04
1e-05,Sorted,795,796,0.00,46.98
1e-05,Sorted,796,797,0.00,46.93
1e-05,Sorted,797,798,100.00,46.99
1e-05,Sorted,798,799,0.00,46.93
1e-05,Sorted,799,800,0.00,46.88
1e-05,Sorted,800,801,100.00,46.94
1e-05,Sorted,801,802,0.00,46.88
1e-05,Sorted,802,803,0.00,46.82
1e-05,Sorted,803,804,100.00,46.89
1e-05,Sorted,804,805,100.00,46.96
1e-05,Sorted,805,806,100.00,47.02
1e-05,Sorted,806,807,100.00,47.09
1e-05,Sorted,807,808,100.00,47.15
1e-05,Sorted,808,809,100.00,47.22
1e-05,Sorted,809,810,100.00,47.28
1e-05,Sorted,810,811,0.00,47.23
1e-05,Sorted,811,812,0.00,47.17
1e-05,Sorted,812,813,100.00,47.23
1e-05,Sorted,813,814,0.00,47.17
1e-05,Sorted,814,815,0.00,47.12
1e-05,Sorted,815,816,0.00,47.06
1e-05,Sorted,816,817,0.00,47.00
1e-05,Sorted,817,818,0.00,46.94
1e-05,Sorted,818,819,0.00,46.89
1e-05,Sorted,819,820,0.00,46.83
1e-05,Sorted,820,821,100.00,46.89
1e-05,Sorted,821,822,0.00,46.84
1e-05,Sorted,822,823,0.00,46.78
1e-05,Sorted,823,824,0.00,46.72
1e-05,Sorted,824,825,0.00,46.67
1e-05,Sorted,825,826,0.00,46.61
1e-05,Sorted,826,827,100.00,46.67
1e-05,Sorted,827,828,100.00,46.74
1e-05,Sorted,828,829,0.00,46.68
1e-05,Sorted,829,830,0.00,46.63
1e-05,Sorted,830,831,0.00,46.57
1e-05,Sorted,831,832,0.00,46.51
1e-05,Sorted,832,833,100.00,46.58
1e-05,Sorted,833,834,0.00,46.52
1e-05,Sorted,834,835,100.00,46.59
1e-05,Sorted,835,836,0.00,46.53
1e-05,Sorted,836,837,0.00,46.48
1e-05,Sorted,837,838,0.00,46.42
1e-05,Sorted,838,839,100.00,46.48
1e-05,Sorted,839,840,0.00,46.43
1e-05,Sorted,840,841,0.00,46.37
1e-05,Sorted,841,842,100.00,46.44
1e-05,Sorted,842,843,0.00,46.38
1e-05,Sorted,843,844,0.00,46.33
1e-05,Sorted,844,845,0.00,46.27
1e-05,Sorted,845,846,0.00,46.22
1e-05,Sorted,846,847,100.00,46.28
1e-05,Sorted,847,848,100.00,46.34
1e-05,Sorted,848,849,100.00,46.41
1e-05,Sorted,849,850,0.00,46.35
1e-05,Sorted,850,851,0.00,46.30
1e-05,Sorted,851,852,100.00,46.36
1e-05,Sorted,852,853,0.00,46.31
1e-05,Sorted,853,854,0.00,46.25
1e-05,Sorted,854,855,0.00,46.20
1e-05,Sorted,855,856,0.00,46.14
1e-05,Sorted,856,857,100.00,46.21
1e-05,Sorted,857,858,100.00,46.27
1e-05,Sorted,858,859,0.00,46.22
1e-05,Sorted,859,860,100.00,46.28
1e-05,Sorted,860,861,100.00,46.34
1e-05,Sorted,861,862,0.00,46.29
1e-05,Sorted,862,863,0.00,46.23
1e-05,Sorted,863,864,100.00,46.30
1e-05,Sorted,864,865,0.00,46.24
1e-05,Sorted,865,866,100.00,46.30
1e-05,Sorted,866,867,0.00,46.25
1e-05,Sorted,867,868,100.00,46.31
1e-05,Sorted,868,869,0.00,46.26
1e-05,Sorted,869,870,100.00,46.32
1e-05,Sorted,870,871,0.00,46.27
1e-05,Sorted,871,872,0.00,46.22
1e-05,Sorted,872,873,0.00,46.16
1e-05,Sorted,873,874,100.00,46.22
1e-05,Sorted,874,875,100.00,46.29
1e-05,Sorted,875,876,0.00,46.23
1e-05,Sorted,876,877,0.00,46.18
1e-05,Sorted,877,878,0.00,46.13
1e-05,Sorted,878,879,0.00,46.08
1e-05,Sorted,879,880,0.00,46.02
1e-05,Sorted,880,881,100.00,46.08
1e-05,Sorted,881,882,0.00,46.03
1e-05,Sorted,882,883,0.00,45.98
1e-05,Sorted,883,884,100.00,46.04
1e-05,Sorted,884,885,0.00,45.99
1e-05,Sorted,885,886,0.00,45.94
1e-05,Sorted,886,887,100.00,46.00
1e-05,Sorted,887,888,0.00,45.95
1e-05,Sorted,888,889,100.00,46.01
1e-05,Sorted,889,890,0.00,45.96
1e-05,Sorted,890,891,0.00,45.90
1e-05,Sorted,891,892,100.00,45.96
1e-05,Sorted,892,893,100.00,46.02
1e-05,Sorted,893,894,0.00,45.97
1e-05,Sorted,894,895,0.00,45.92
1e-05,Sorted,895,896,100.00,45.98
1e-05,Sorted,896,897,0.00,45.93
1e-05,Sorted,897,898,0.00,45.88
1e-05,Sorted,898,899,0.00,45.83
1e-05,Sorted,899,900,100.00,45.89
1e-05,Sorted,900,901,0.00,45.84
1e-05,Sorted,901,902,0.00,45.79
1e-05,Sorted,902,903,0.00,45.74
1e-05,Sorted,903,904,0.00,45.69
1e-05,Sorted,904,905,0.00,45.64
1e-05,Sorted,905,906,100.00,45.70
1e-05,Sorted,906,907,100.00,45.76
1e-05,Sorted,907,908,100.00,45.81
1e-05,Sorted,908,909,0.00,45.76
1e-05,Sorted,909,910,0.00,45.71
1e-05,Sorted,910,911,100.00,45.77
1e-05,Sorted,911,912,0.00,45.72
1e-05,Sorted,912,913,100.00,45.78
1e-05,Sorted,913,914,0.00,45.73
1e-05,Sorted,914,915,0.00,45.68
1e-05,Sorted,915,916,100.00,45.74
1e-05,Sorted,916,917,0.00,45.69
1e-05,Sorted,917,918,100.00,45.75
1e-05,Sorted,918,919,100.00,45.81
1e-05,Sorted,919,920,100.00,45.87
1e-05,Sorted,920,921,0.00,45.82
1e-05,Sorted,921,922,0.00,45.77
1e-05,Sorted,922,923,0.00,45.72
1e-05,Sorted,923,924,0.00,45.67
1e-05,Sorted,924,925,0.00,45.62
1e-05,Sorted,925,926,0.00,45.57
1e-05,Sorted,926,927,0.00,45.52
1e-05,Sorted,927,928,0.00,45.47
1e-05,Sorted,928,929,0.00,45.43
1e-05,Sorted,929,930,0.00,45.38
1e-05,Sorted,930,931,0.00,45.33
1e-05,Sorted,931,932,0.00,45.28
1e-05,Sorted,932,933,0.00,45.23
1e-05,Sorted,933,934,100.00,45.29
1e-05,Sorted,934,935,100.00,45.35
1e-05,Sorted,935,936,0.00,45.30
1e-05,Sorted,936,937,0.00,45.25
1e-05,Sorted,937,938,0.00,45.20
1e-05,Sorted,938,939,0.00,45.15
1e-05,Sorted,939,940,0.00,45.11
1e-05,Sorted,940,941,0.00,45.06
1e-05,Sorted,941,942,0.00,45.01
1e-05,Sorted,942,943,0.00,44.96
1e-05,Sorted,943,944,0.00,44.92
1e-05,Sorted,944,945,0.00,44.87
1e-05,Sorted,945,946,0.00,44.82
1e-05,Sorted,946,947,0.00,44.77
1e-05,Sorted,947,948,0.00,44.73
1e-05,Sorted,948,949,0.00,44.68
1e-05,Sorted,949,950,0.00,44.63
1e-05,Sorted,950,951,100.00,44.69
1e-05,Sorted,951,952,0.00,44.64
1e-05,Sorted,952,953,100.00,44.70
1e-05,Sorted,953,954,0.00,44.65
1e-05,Sorted,954,955,0.00,44.61
1e-05,Sorted,955,956,100.00,44.67
1e-05,Sorted,956,957,0.00,44.62
1e-05,Sorted,957,958,100.00,44.68
1e-05,Sorted,958,959,100.00,44.73
1e-05,Sorted,959,960,0.00,44.69
1e-05,Sorted,960,961,0.00,44.64
1e-05,Sorted,961,962,100.00,44.70
1e-05,Sorted,962,963,100.00,44.76
1e-05,Sorted,963,964,0.00,44.71
1e-05,Sorted,964,965,100.00,44.77
1e-05,Sorted,965,966,100.00,44.82
1e-05,Sorted,966,967,0.00,44.78
1e-05,Sorted,967,968,0.00,44.73
1e-05,Sorted,968,969,100.00,44.79
1e-05,Sorted,969,970,100.00,44.85
1e-05,Sorted,970,971,0.00,44.80
1e-05,Sorted,971,972,0.00,44.75
1e-05,Sorted,972,973,0.00,44.71
1e-05,Sorted,973,974,100.00,44.76
1e-05,Sorted,974,975,0.00,44.72
1e-05,Sorted,975,976,0.00,44.67
1e-05,Sorted,976,977,0.00,44.63
1e-05,Sorted,977,978,100.00,44.68
1e-05,Sorted,978,979,0.00,44.64
1e-05,Sorted,979,980,100.00,44.69
1e-05,Sorted,980,981,0.00,44.65
1e-05,Sorted,981,982,100.00,44.70
1e-05,Sorted,982,983,100.00,44.76
1e-05,Sorted,983,984,100.00,44.82
1e-05,Sorted,984,985,100.00,44.87
1e-05,Sorted,985,986,0.00,44.83
1e-05,Sorted,986,987,0.00,44.78
1e-05,Sorted,987,988,0.00,44.74
1e-05,Sorted,988,989,0.00,44.69
1e-05,Sorted,989,990,100.00,44.75
1e-05,Sorted,990,991,0.00,44.70
1e-05,Sorted,991,992,0.00,44.66
1e-05,Sorted,992,993,100.00,44.71
1e-05,Sorted,993,994,0.00,44.67
1e-05,Sorted,994,995,0.00,44.62
1e-05,Sorted,995,996,0.00,44.58
1e-05,Sorted,996,997,100.00,44.63
1e-05,Sorted,997,998,100.00,44.69
1e-05,Sorted,998,999,0.00,44.64
1e-05,Sorted,999,1000,0.00,44.60
