LR,Reset_Interval,Mode,Batch_Idx,Samples_Seen,Batch_Acc,Running_Acc
0.001,10,Casual,0,1,100.00,100.00
0.001,10,Casual,1,2,0.00,50.00
0.001,10,Casual,2,3,100.00,66.67
0.001,10,Casual,3,4,0.00,50.00
0.001,10,Casual,4,5,100.00,60.00
0.001,10,Casual,5,6,0.00,50.00
0.001,10,Casual,6,7,0.00,42.86
0.001,10,Casual,7,8,100.00,50.00
0.001,10,Casual,8,9,0.00,44.44
0.001,10,Casual,9,10,100.00,50.00
0.001,10,Casual,10,11,100.00,54.55
0.001,10,Casual,11,12,0.00,50.00
0.001,10,Casual,12,13,100.00,53.85
0.001,10,Casual,13,14,100.00,57.14
0.001,10,Casual,14,15,100.00,60.00
0.001,10,Casual,15,16,100.00,62.50
0.001,10,Casual,16,17,0.00,58.82
0.001,10,Casual,17,18,100.00,61.11
0.001,10,Casual,18,19,100.00,63.16
0.001,10,Casual,19,20,0.00,60.00
0.001,10,Casual,20,21,100.00,61.90
0.001,10,Casual,21,22,100.00,63.64
0.001,10,Casual,22,23,100.00,65.22
0.001,10,Casual,23,24,100.00,66.67
0.001,10,Casual,24,25,0.00,64.00
0.001,10,Casual,25,26,0.00,61.54
0.001,10,Casual,26,27,100.00,62.96
0.001,10,Casual,27,28,100.00,64.29
0.001,10,Casual,28,29,100.00,65.52
0.001,10,Casual,29,30,0.00,63.33
0.001,10,Casual,30,31,100.00,64.52
0.001,10,Casual,31,32,0.00,62.50
0.001,10,Casual,32,33,100.00,63.64
0.001,10,Casual,33,34,0.00,61.76
0.001,10,Casual,34,35,0.00,60.00
0.001,10,Casual,35,36,0.00,58.33
0.001,10,Casual,36,37,0.00,56.76
0.001,10,Casual,37,38,100.00,57.89
0.001,10,Casual,38,39,100.00,58.97
0.001,10,Casual,39,40,0.00,57.50
0.001,10,Casual,40,41,100.00,58.54
0.001,10,Casual,41,42,100.00,59.52
0.001,10,Casual,42,43,100.00,60.47
0.001,10,Casual,43,44,0.00,59.09
0.001,10,Casual,44,45,100.00,60.00
0.001,10,Casual,45,46,0.00,58.70
0.001,10,Casual,46,47,0.00,57.45
0.001,10,Casual,47,48,0.00,56.25
0.001,10,Casual,48,49,0.00,55.10
0.001,10,Casual,49,50,0.00,54.00
0.001,10,Casual,50,51,0.00,52.94
0.001,10,Casual,51,52,100.00,53.85
0.001,10,Casual,52,53,0.00,52.83
0.001,10,Casual,53,54,0.00,51.85
0.001,10,Casual,54,55,100.00,52.73
0.001,10,Casual,55,56,0.00,51.79
0.001,10,Casual,56,57,0.00,50.88
0.001,10,Casual,57,58,0.00,50.00
0.001,10,Casual,58,59,100.00,50.85
0.001,10,Casual,59,60,0.00,50.00
0.001,10,Casual,60,61,0.00,49.18
0.001,10,Casual,61,62,0.00,48.39
0.001,10,Casual,62,63,0.00,47.62
0.001,10,Casual,63,64,100.00,48.44
0.001,10,Casual,64,65,0.00,47.69
0.001,10,Casual,65,66,0.00,46.97
0.001,10,Casual,66,67,100.00,47.76
0.001,10,Casual,67,68,0.00,47.06
0.001,10,Casual,68,69,100.00,47.83
0.001,10,Casual,69,70,100.00,48.57
0.001,10,Casual,70,71,0.00,47.89
0.001,10,Casual,71,72,100.00,48.61
0.001,10,Casual,72,73,100.00,49.32
0.001,10,Casual,73,74,0.00,48.65
0.001,10,Casual,74,75,0.00,48.00
0.001,10,Casual,75,76,100.00,48.68
0.001,10,Casual,76,77,100.00,49.35
0.001,10,Casual,77,78,100.00,50.00
0.001,10,Casual,78,79,0.00,49.37
0.001,10,Casual,79,80,0.00,48.75
0.001,10,Casual,80,81,0.00,48.15
0.001,10,Casual,81,82,0.00,47.56
0.001,10,Casual,82,83,100.00,48.19
0.001,10,Casual,83,84,100.00,48.81
0.001,10,Casual,84,85,100.00,49.41
0.001,10,Casual,85,86,100.00,50.00
0.001,10,Casual,86,87,0.00,49.43
0.001,10,Casual,87,88,0.00,48.86
0.001,10,Casual,88,89,100.00,49.44
0.001,10,Casual,89,90,100.00,50.00
0.001,10,Casual,90,91,0.00,49.45
0.001,10,Casual,91,92,100.00,50.00
0.001,10,Casual,92,93,0.00,49.46
0.001,10,Casual,93,94,0.00,48.94
0.001,10,Casual,94,95,100.00,49.47
0.001,10,Casual,95,96,0.00,48.96
0.001,10,Casual,96,97,0.00,48.45
0.001,10,Casual,97,98,0.00,47.96
0.001,10,Casual,98,99,100.00,48.48
0.001,10,Casual,99,100,0.00,48.00
0.001,10,Casual,100,101,0.00,47.52
0.001,10,Casual,101,102,0.00,47.06
0.001,10,Casual,102,103,100.00,47.57
0.001,10,Casual,103,104,100.00,48.08
0.001,10,Casual,104,105,0.00,47.62
0.001,10,Casual,105,106,100.00,48.11
0.001,10,Casual,106,107,100.00,48.60
0.001,10,Casual,107,108,0.00,48.15
0.001,10,Casual,108,109,0.00,47.71
0.001,10,Casual,109,110,0.00,47.27
0.001,10,Casual,110,111,100.00,47.75
0.001,10,Casual,111,112,0.00,47.32
0.001,10,Casual,112,113,0.00,46.90
0.001,10,Casual,113,114,100.00,47.37
0.001,10,Casual,114,115,100.00,47.83
0.001,10,Casual,115,116,100.00,48.28
0.001,10,Casual,116,117,0.00,47.86
0.001,10,Casual,117,118,100.00,48.31
0.001,10,Casual,118,119,100.00,48.74
0.001,10,Casual,119,120,0.00,48.33
0.001,10,Casual,120,121,100.00,48.76
0.001,10,Casual,121,122,0.00,48.36
0.001,10,Casual,122,123,100.00,48.78
0.001,10,Casual,123,124,100.00,49.19
0.001,10,Casual,124,125,100.00,49.60
0.001,10,Casual,125,126,0.00,49.21
0.001,10,Casual,126,127,0.00,48.82
0.001,10,Casual,127,128,0.00,48.44
0.001,10,Casual,128,129,100.00,48.84
0.001,10,Casual,129,130,0.00,48.46
0.001,10,Casual,130,131,0.00,48.09
0.001,10,Casual,131,132,0.00,47.73
0.001,10,Casual,132,133,100.00,48.12
0.001,10,Casual,133,134,100.00,48.51
0.001,10,Casual,134,135,0.00,48.15
0.001,10,Casual,135,136,100.00,48.53
0.001,10,Casual,136,137,0.00,48.18
0.001,10,Casual,137,138,0.00,47.83
0.001,10,Casual,138,139,0.00,47.48
0.001,10,Casual,139,140,100.00,47.86
0.001,10,Casual,140,141,100.00,48.23
0.001,10,Casual,141,142,0.00,47.89
0.001,10,Casual,142,143,100.00,48.25
0.001,10,Casual,143,144,0.00,47.92
0.001,10,Casual,144,145,0.00,47.59
0.001,10,Casual,145,146,100.00,47.95
0.001,10,Casual,146,147,0.00,47.62
0.001,10,Casual,147,148,100.00,47.97
0.001,10,Casual,148,149,0.00,47.65
0.001,10,Casual,149,150,0.00,47.33
0.001,10,Casual,150,151,100.00,47.68
0.001,10,Casual,151,152,100.00,48.03
0.001,10,Casual,152,153,0.00,47.71
0.001,10,Casual,153,154,0.00,47.40
0.001,10,Casual,154,155,100.00,47.74
0.001,10,Casual,155,156,0.00,47.44
0.001,10,Casual,156,157,0.00,47.13
0.001,10,Casual,157,158,0.00,46.84
0.001,10,Casual,158,159,100.00,47.17
0.001,10,Casual,159,160,0.00,46.88
0.001,10,Casual,160,161,0.00,46.58
0.001,10,Casual,161,162,0.00,46.30
0.001,10,Casual,162,163,100.00,46.63
0.001,10,Casual,163,164,100.00,46.95
0.001,10,Casual,164,165,100.00,47.27
0.001,10,Casual,165,166,0.00,46.99
0.001,10,Casual,166,167,100.00,47.31
0.001,10,Casual,167,168,0.00,47.02
0.001,10,Casual,168,169,0.00,46.75
0.001,10,Casual,169,170,0.00,46.47
0.001,10,Casual,170,171,100.00,46.78
0.001,10,Casual,171,172,0.00,46.51
0.001,10,Casual,172,173,0.00,46.24
0.001,10,Casual,173,174,0.00,45.98
0.001,10,Casual,174,175,0.00,45.71
0.001,10,Casual,175,176,100.00,46.02
0.001,10,Casual,176,177,0.00,45.76
0.001,10,Casual,177,178,0.00,45.51
0.001,10,Casual,178,179,0.00,45.25
0.001,10,Casual,179,180,100.00,45.56
0.001,10,Casual,180,181,100.00,45.86
0.001,10,Casual,181,182,0.00,45.60
0.001,10,Casual,182,183,100.00,45.90
0.001,10,Casual,183,184,0.00,45.65
0.001,10,Casual,184,185,0.00,45.41
0.001,10,Casual,185,186,0.00,45.16
0.001,10,Casual,186,187,0.00,44.92
0.001,10,Casual,187,188,0.00,44.68
0.001,10,Casual,188,189,100.00,44.97
0.001,10,Casual,189,190,100.00,45.26
0.001,10,Casual,190,191,100.00,45.55
0.001,10,Casual,191,192,0.00,45.31
0.001,10,Casual,192,193,0.00,45.08
0.001,10,Casual,193,194,0.00,44.85
0.001,10,Casual,194,195,100.00,45.13
0.001,10,Casual,195,196,100.00,45.41
0.001,10,Casual,196,197,0.00,45.18
0.001,10,Casual,197,198,100.00,45.45
0.001,10,Casual,198,199,0.00,45.23
0.001,10,Casual,199,200,100.00,45.50
0.001,10,Casual,200,201,100.00,45.77
0.001,10,Casual,201,202,0.00,45.54
0.001,10,Casual,202,203,100.00,45.81
0.001,10,Casual,203,204,0.00,45.59
0.001,10,Casual,204,205,0.00,45.37
0.001,10,Casual,205,206,100.00,45.63
0.001,10,Casual,206,207,0.00,45.41
0.001,10,Casual,207,208,100.00,45.67
0.001,10,Casual,208,209,0.00,45.45
0.001,10,Casual,209,210,100.00,45.71
0.001,10,Casual,210,211,100.00,45.97
0.001,10,Casual,211,212,100.00,46.23
0.001,10,Casual,212,213,100.00,46.48
0.001,10,Casual,213,214,0.00,46.26
0.001,10,Casual,214,215,100.00,46.51
0.001,10,Casual,215,216,0.00,46.30
0.001,10,Casual,216,217,0.00,46.08
0.001,10,Casual,217,218,0.00,45.87
0.001,10,Casual,218,219,0.00,45.66
0.001,10,Casual,219,220,100.00,45.91
0.001,10,Casual,220,221,0.00,45.70
0.001,10,Casual,221,222,0.00,45.50
0.001,10,Casual,222,223,0.00,45.29
0.001,10,Casual,223,224,0.00,45.09
0.001,10,Casual,224,225,0.00,44.89
0.001,10,Casual,225,226,0.00,44.69
0.001,10,Casual,226,227,0.00,44.49
0.001,10,Casual,227,228,0.00,44.30
0.001,10,Casual,228,229,100.00,44.54
0.001,10,Casual,229,230,100.00,44.78
0.001,10,Casual,230,231,100.00,45.02
0.001,10,Casual,231,232,0.00,44.83
0.001,10,Casual,232,233,0.00,44.64
0.001,10,Casual,233,234,0.00,44.44
0.001,10,Casual,234,235,100.00,44.68
0.001,10,Casual,235,236,0.00,44.49
0.001,10,Casual,236,237,100.00,44.73
0.001,10,Casual,237,238,100.00,44.96
0.001,10,Casual,238,239,0.00,44.77
0.001,10,Casual,239,240,100.00,45.00
0.001,10,Casual,240,241,0.00,44.81
0.001,10,Casual,241,242,100.00,45.04
0.001,10,Casual,242,243,0.00,44.86
0.001,10,Casual,243,244,100.00,45.08
0.001,10,Casual,244,245,0.00,44.90
0.001,10,Casual,245,246,0.00,44.72
0.001,10,Casual,246,247,100.00,44.94
0.001,10,Casual,247,248,100.00,45.16
0.001,10,Casual,248,249,0.00,44.98
0.001,10,Casual,249,250,0.00,44.80
0.001,10,Casual,250,251,100.00,45.02
0.001,10,Casual,251,252,0.00,44.84
0.001,10,Casual,252,253,0.00,44.66
0.001,10,Casual,253,254,100.00,44.88
0.001,10,Casual,254,255,100.00,45.10
0.001,10,Casual,255,256,0.00,44.92
0.001,10,Casual,256,257,0.00,44.75
0.001,10,Casual,257,258,100.00,44.96
0.001,10,Casual,258,259,100.00,45.17
0.001,10,Casual,259,260,0.00,45.00
0.001,10,Casual,260,261,0.00,44.83
0.001,10,Casual,261,262,0.00,44.66
0.001,10,Casual,262,263,100.00,44.87
0.001,10,Casual,263,264,100.00,45.08
0.001,10,Casual,264,265,100.00,45.28
0.001,10,Casual,265,266,100.00,45.49
0.001,10,Casual,266,267,0.00,45.32
0.001,10,Casual,267,268,100.00,45.52
0.001,10,Casual,268,269,0.00,45.35
0.001,10,Casual,269,270,0.00,45.19
0.001,10,Casual,270,271,0.00,45.02
0.001,10,Casual,271,272,0.00,44.85
0.001,10,Casual,272,273,0.00,44.69
0.001,10,Casual,273,274,0.00,44.53
0.001,10,Casual,274,275,0.00,44.36
0.001,10,Casual,275,276,0.00,44.20
0.001,10,Casual,276,277,0.00,44.04
0.001,10,Casual,277,278,100.00,44.24
0.001,10,Casual,278,279,0.00,44.09
0.001,10,Casual,279,280,100.00,44.29
0.001,10,Casual,280,281,0.00,44.13
0.001,10,Casual,281,282,100.00,44.33
0.001,10,Casual,282,283,100.00,44.52
0.001,10,Casual,283,284,100.00,44.72
0.001,10,Casual,284,285,0.00,44.56
0.001,10,Casual,285,286,100.00,44.76
0.001,10,Casual,286,287,0.00,44.60
0.001,10,Casual,287,288,0.00,44.44
0.001,10,Casual,288,289,0.00,44.29
0.001,10,Casual,289,290,0.00,44.14
0.001,10,Casual,290,291,100.00,44.33
0.001,10,Casual,291,292,100.00,44.52
0.001,10,Casual,292,293,0.00,44.37
0.001,10,Casual,293,294,100.00,44.56
0.001,10,Casual,294,295,100.00,44.75
0.001,10,Casual,295,296,0.00,44.59
0.001,10,Casual,296,297,0.00,44.44
0.001,10,Casual,297,298,100.00,44.63
0.001,10,Casual,298,299,0.00,44.48
0.001,10,Casual,299,300,0.00,44.33
0.001,10,Casual,300,301,0.00,44.19
0.001,10,Casual,301,302,0.00,44.04
0.001,10,Casual,302,303,0.00,43.89
0.001,10,Casual,303,304,0.00,43.75
0.001,10,Casual,304,305,0.00,43.61
0.001,10,Casual,305,306,100.00,43.79
0.001,10,Casual,306,307,100.00,43.97
0.001,10,Casual,307,308,100.00,44.16
0.001,10,Casual,308,309,100.00,44.34
0.001,10,Casual,309,310,0.00,44.19
0.001,10,Casual,310,311,100.00,44.37
0.001,10,Casual,311,312,0.00,44.23
0.001,10,Casual,312,313,0.00,44.09
0.001,10,Casual,313,314,100.00,44.27
0.001,10,Casual,314,315,100.00,44.44
0.001,10,Casual,315,316,0.00,44.30
0.001,10,Casual,316,317,100.00,44.48
0.001,10,Casual,317,318,0.00,44.34
0.001,10,Casual,318,319,100.00,44.51
0.001,10,Casual,319,320,0.00,44.38
0.001,10,Casual,320,321,100.00,44.55
0.001,10,Casual,321,322,0.00,44.41
0.001,10,Casual,322,323,100.00,44.58
0.001,10,Casual,323,324,100.00,44.75
0.001,10,Casual,324,325,0.00,44.62
0.001,10,Casual,325,326,100.00,44.79
0.001,10,Casual,326,327,0.00,44.65
0.001,10,Casual,327,328,0.00,44.51
0.001,10,Casual,328,329,0.00,44.38
0.001,10,Casual,329,330,0.00,44.24
0.001,10,Casual,330,331,100.00,44.41
0.001,10,Casual,331,332,0.00,44.28
0.001,10,Casual,332,333,100.00,44.44
0.001,10,Casual,333,334,0.00,44.31
0.001,10,Casual,334,335,0.00,44.18
0.001,10,Casual,335,336,0.00,44.05
0.001,10,Casual,336,337,0.00,43.92
0.001,10,Casual,337,338,100.00,44.08
0.001,10,Casual,338,339,100.00,44.25
0.001,10,Casual,339,340,100.00,44.41
0.001,10,Casual,340,341,0.00,44.28
0.001,10,Casual,341,342,0.00,44.15
0.001,10,Casual,342,343,100.00,44.31
0.001,10,Casual,343,344,0.00,44.19
0.001,10,Casual,344,345,0.00,44.06
0.001,10,Casual,345,346,0.00,43.93
0.001,10,Casual,346,347,100.00,44.09
0.001,10,Casual,347,348,100.00,44.25
0.001,10,Casual,348,349,0.00,44.13
0.001,10,Casual,349,350,0.00,44.00
0.001,10,Casual,350,351,100.00,44.16
0.001,10,Casual,351,352,0.00,44.03
0.001,10,Casual,352,353,0.00,43.91
0.001,10,Casual,353,354,100.00,44.07
0.001,10,Casual,354,355,100.00,44.23
0.001,10,Casual,355,356,100.00,44.38
0.001,10,Casual,356,357,100.00,44.54
0.001,10,Casual,357,358,100.00,44.69
0.001,10,Casual,358,359,0.00,44.57
0.001,10,Casual,359,360,0.00,44.44
0.001,10,Casual,360,361,0.00,44.32
0.001,10,Casual,361,362,0.00,44.20
0.001,10,Casual,362,363,100.00,44.35
0.001,10,Casual,363,364,0.00,44.23
0.001,10,Casual,364,365,0.00,44.11
0.001,10,Casual,365,366,100.00,44.26
0.001,10,Casual,366,367,100.00,44.41
0.001,10,Casual,367,368,100.00,44.57
0.001,10,Casual,368,369,100.00,44.72
0.001,10,Casual,369,370,0.00,44.59
0.001,10,Casual,370,371,100.00,44.74
0.001,10,Casual,371,372,100.00,44.89
0.001,10,Casual,372,373,100.00,45.04
0.001,10,Casual,373,374,100.00,45.19
0.001,10,Casual,374,375,0.00,45.07
0.001,10,Casual,375,376,100.00,45.21
0.001,10,Casual,376,377,100.00,45.36
0.001,10,Casual,377,378,0.00,45.24
0.001,10,Casual,378,379,100.00,45.38
0.001,10,Casual,379,380,100.00,45.53
0.001,10,Casual,380,381,0.00,45.41
0.001,10,Casual,381,382,100.00,45.55
0.001,10,Casual,382,383,0.00,45.43
0.001,10,Casual,383,384,100.00,45.57
0.001,10,Casual,384,385,0.00,45.45
0.001,10,Casual,385,386,100.00,45.60
0.001,10,Casual,386,387,100.00,45.74
0.001,10,Casual,387,388,100.00,45.88
0.001,10,Casual,388,389,0.00,45.76
0.001,10,Casual,389,390,0.00,45.64
0.001,10,Casual,390,391,100.00,45.78
0.001,10,Casual,391,392,0.00,45.66
0.001,10,Casual,392,393,0.00,45.55
0.001,10,Casual,393,394,0.00,45.43
0.001,10,Casual,394,395,0.00,45.32
0.001,10,Casual,395,396,0.00,45.20
0.001,10,Casual,396,397,100.00,45.34
0.001,10,Casual,397,398,100.00,45.48
0.001,10,Casual,398,399,0.00,45.36
0.001,10,Casual,399,400,100.00,45.50
0.001,10,Sorted,0,1,100.00,100.00
0.001,10,Sorted,1,2,100.00,100.00
0.001,10,Sorted,2,3,100.00,100.00
0.001,10,Sorted,3,4,0.00,75.00
0.001,10,Sorted,4,5,0.00,60.00
0.001,10,Sorted,5,6,0.00,50.00
0.001,10,Sorted,6,7,0.00,42.86
0.001,10,Sorted,7,8,0.00,37.50
0.001,10,Sorted,8,9,0.00,33.33
0.001,10,Sorted,9,10,0.00,30.00
0.001,10,Sorted,10,11,0.00,27.27
0.001,10,Sorted,11,12,100.00,33.33
0.001,10,Sorted,12,13,100.00,38.46
0.001,10,Sorted,13,14,0.00,35.71
0.001,10,Sorted,14,15,100.00,40.00
0.001,10,Sorted,15,16,100.00,43.75
0.001,10,Sorted,16,17,100.00,47.06
0.001,10,Sorted,17,18,0.00,44.44
0.001,10,Sorted,18,19,100.00,47.37
0.001,10,Sorted,19,20,100.00,50.00
0.001,10,Sorted,20,21,100.00,52.38
0.001,10,Sorted,21,22,0.00,50.00
0.001,10,Sorted,22,23,0.00,47.83
0.001,10,Sorted,23,24,100.00,50.00
0.001,10,Sorted,24,25,0.00,48.00
0.001,10,Sorted,25,26,100.00,50.00
0.001,10,Sorted,26,27,100.00,51.85
0.001,10,Sorted,27,28,0.00,50.00
0.001,10,Sorted,28,29,100.00,51.72
0.001,10,Sorted,29,30,0.00,50.00
0.001,10,Sorted,30,31,100.00,51.61
0.001,10,Sorted,31,32,0.00,50.00
0.001,10,Sorted,32,33,100.00,51.52
0.001,10,Sorted,33,34,100.00,52.94
0.001,10,Sorted,34,35,0.00,51.43
0.001,10,Sorted,35,36,100.00,52.78
0.001,10,Sorted,36,37,100.00,54.05
0.001,10,Sorted,37,38,100.00,55.26
0.001,10,Sorted,38,39,0.00,53.85
0.001,10,Sorted,39,40,0.00,52.50
0.001,10,Sorted,40,41,100.00,53.66
0.001,10,Sorted,41,42,100.00,54.76
0.001,10,Sorted,42,43,100.00,55.81
0.001,10,Sorted,43,44,100.00,56.82
0.001,10,Sorted,44,45,100.00,57.78
0.001,10,Sorted,45,46,100.00,58.70
0.001,10,Sorted,46,47,0.00,57.45
0.001,10,Sorted,47,48,100.00,58.33
0.001,10,Sorted,48,49,100.00,59.18
0.001,10,Sorted,49,50,100.00,60.00
0.001,10,Sorted,50,51,0.00,58.82
0.001,10,Sorted,51,52,0.00,57.69
0.001,10,Sorted,52,53,0.00,56.60
0.001,10,Sorted,53,54,0.00,55.56
0.001,10,Sorted,54,55,0.00,54.55
0.001,10,Sorted,55,56,100.00,55.36
0.001,10,Sorted,56,57,0.00,54.39
0.001,10,Sorted,57,58,100.00,55.17
0.001,10,Sorted,58,59,0.00,54.24
0.001,10,Sorted,59,60,0.00,53.33
0.001,10,Sorted,60,61,100.00,54.10
0.001,10,Sorted,61,62,100.00,54.84
0.001,10,Sorted,62,63,100.00,55.56
0.001,10,Sorted,63,64,100.00,56.25
0.001,10,Sorted,64,65,100.00,56.92
0.001,10,Sorted,65,66,100.00,57.58
0.001,10,Sorted,66,67,0.00,56.72
0.001,10,Sorted,67,68,0.00,55.88
0.001,10,Sorted,68,69,100.00,56.52
0.001,10,Sorted,69,70,0.00,55.71
0.001,10,Sorted,70,71,0.00,54.93
0.001,10,Sorted,71,72,100.00,55.56
0.001,10,Sorted,72,73,100.00,56.16
0.001,10,Sorted,73,74,0.00,55.41
0.001,10,Sorted,74,75,100.00,56.00
0.001,10,Sorted,75,76,100.00,56.58
0.001,10,Sorted,76,77,0.00,55.84
0.001,10,Sorted,77,78,0.00,55.13
0.001,10,Sorted,78,79,0.00,54.43
0.001,10,Sorted,79,80,0.00,53.75
0.001,10,Sorted,80,81,100.00,54.32
0.001,10,Sorted,81,82,100.00,54.88
0.001,10,Sorted,82,83,100.00,55.42
0.001,10,Sorted,83,84,100.00,55.95
0.001,10,Sorted,84,85,0.00,55.29
0.001,10,Sorted,85,86,0.00,54.65
0.001,10,Sorted,86,87,0.00,54.02
0.001,10,Sorted,87,88,100.00,54.55
0.001,10,Sorted,88,89,100.00,55.06
0.001,10,Sorted,89,90,0.00,54.44
0.001,10,Sorted,90,91,100.00,54.95
0.001,10,Sorted,91,92,0.00,54.35
0.001,10,Sorted,92,93,100.00,54.84
0.001,10,Sorted,93,94,100.00,55.32
0.001,10,Sorted,94,95,0.00,54.74
0.001,10,Sorted,95,96,100.00,55.21
0.001,10,Sorted,96,97,100.00,55.67
0.001,10,Sorted,97,98,0.00,55.10
0.001,10,Sorted,98,99,0.00,54.55
0.001,10,Sorted,99,100,100.00,55.00
0.001,10,Sorted,100,101,100.00,55.45
0.001,10,Sorted,101,102,0.00,54.90
0.001,10,Sorted,102,103,0.00,54.37
0.001,10,Sorted,103,104,0.00,53.85
0.001,10,Sorted,104,105,100.00,54.29
0.001,10,Sorted,105,106,100.00,54.72
0.001,10,Sorted,106,107,0.00,54.21
0.001,10,Sorted,107,108,100.00,54.63
0.001,10,Sorted,108,109,100.00,55.05
0.001,10,Sorted,109,110,0.00,54.55
0.001,10,Sorted,110,111,100.00,54.95
0.001,10,Sorted,111,112,100.00,55.36
0.001,10,Sorted,112,113,100.00,55.75
0.001,10,Sorted,113,114,0.00,55.26
0.001,10,Sorted,114,115,0.00,54.78
0.001,10,Sorted,115,116,100.00,55.17
0.001,10,Sorted,116,117,0.00,54.70
0.001,10,Sorted,117,118,0.00,54.24
0.001,10,Sorted,118,119,0.00,53.78
0.001,10,Sorted,119,120,100.00,54.17
0.001,10,Sorted,120,121,0.00,53.72
0.001,10,Sorted,121,122,0.00,53.28
0.001,10,Sorted,122,123,100.00,53.66
0.001,10,Sorted,123,124,0.00,53.23
0.001,10,Sorted,124,125,0.00,52.80
0.001,10,Sorted,125,126,0.00,52.38
0.001,10,Sorted,126,127,0.00,51.97
0.001,10,Sorted,127,128,0.00,51.56
0.001,10,Sorted,128,129,0.00,51.16
0.001,10,Sorted,129,130,100.00,51.54
0.001,10,Sorted,130,131,0.00,51.15
0.001,10,Sorted,131,132,100.00,51.52
0.001,10,Sorted,132,133,0.00,51.13
0.001,10,Sorted,133,134,0.00,50.75
0.001,10,Sorted,134,135,100.00,51.11
0.001,10,Sorted,135,136,100.00,51.47
0.001,10,Sorted,136,137,100.00,51.82
0.001,10,Sorted,137,138,100.00,52.17
0.001,10,Sorted,138,139,100.00,52.52
0.001,10,Sorted,139,140,0.00,52.14
0.001,10,Sorted,140,141,100.00,52.48
0.001,10,Sorted,141,142,0.00,52.11
0.001,10,Sorted,142,143,0.00,51.75
0.001,10,Sorted,143,144,0.00,51.39
0.001,10,Sorted,144,145,100.00,51.72
0.001,10,Sorted,145,146,100.00,52.05
0.001,10,Sorted,146,147,0.00,51.70
0.001,10,Sorted,147,148,100.00,52.03
0.001,10,Sorted,148,149,0.00,51.68
0.001,10,Sorted,149,150,0.00,51.33
0.001,10,Sorted,150,151,100.00,51.66
0.001,10,Sorted,151,152,0.00,51.32
0.001,10,Sorted,152,153,100.00,51.63
0.001,10,Sorted,153,154,100.00,51.95
0.001,10,Sorted,154,155,0.00,51.61
0.001,10,Sorted,155,156,0.00,51.28
0.001,10,Sorted,156,157,0.00,50.96
0.001,10,Sorted,157,158,0.00,50.63
0.001,10,Sorted,158,159,100.00,50.94
0.001,10,Sorted,159,160,0.00,50.62
0.001,10,Sorted,160,161,0.00,50.31
0.001,10,Sorted,161,162,0.00,50.00
0.001,10,Sorted,162,163,0.00,49.69
0.001,10,Sorted,163,164,0.00,49.39
0.001,10,Sorted,164,165,100.00,49.70
0.001,10,Sorted,165,166,0.00,49.40
0.001,10,Sorted,166,167,0.00,49.10
0.001,10,Sorted,167,168,100.00,49.40
0.001,10,Sorted,168,169,100.00,49.70
0.001,10,Sorted,169,170,0.00,49.41
0.001,10,Sorted,170,171,100.00,49.71
0.001,10,Sorted,171,172,0.00,49.42
0.001,10,Sorted,172,173,100.00,49.71
0.001,10,Sorted,173,174,0.00,49.43
0.001,10,Sorted,174,175,0.00,49.14
0.001,10,Sorted,175,176,0.00,48.86
0.001,10,Sorted,176,177,100.00,49.15
0.001,10,Sorted,177,178,100.00,49.44
0.001,10,Sorted,178,179,0.00,49.16
0.001,10,Sorted,179,180,0.00,48.89
0.001,10,Sorted,180,181,100.00,49.17
0.001,10,Sorted,181,182,0.00,48.90
0.001,10,Sorted,182,183,0.00,48.63
0.001,10,Sorted,183,184,0.00,48.37
0.001,10,Sorted,184,185,0.00,48.11
0.001,10,Sorted,185,186,100.00,48.39
0.001,10,Sorted,186,187,100.00,48.66
0.001,10,Sorted,187,188,100.00,48.94
0.001,10,Sorted,188,189,0.00,48.68
0.001,10,Sorted,189,190,100.00,48.95
0.001,10,Sorted,190,191,100.00,49.21
0.001,10,Sorted,191,192,0.00,48.96
0.001,10,Sorted,192,193,100.00,49.22
0.001,10,Sorted,193,194,0.00,48.97
0.001,10,Sorted,194,195,0.00,48.72
0.001,10,Sorted,195,196,0.00,48.47
0.001,10,Sorted,196,197,100.00,48.73
0.001,10,Sorted,197,198,0.00,48.48
0.001,10,Sorted,198,199,0.00,48.24
0.001,10,Sorted,199,200,0.00,48.00
0.001,10,Sorted,200,201,100.00,48.26
0.001,10,Sorted,201,202,0.00,48.02
0.001,10,Sorted,202,203,0.00,47.78
0.001,10,Sorted,203,204,100.00,48.04
0.001,10,Sorted,204,205,0.00,47.80
0.001,10,Sorted,205,206,0.00,47.57
0.001,10,Sorted,206,207,0.00,47.34
0.001,10,Sorted,207,208,100.00,47.60
0.001,10,Sorted,208,209,100.00,47.85
0.001,10,Sorted,209,210,0.00,47.62
0.001,10,Sorted,210,211,0.00,47.39
0.001,10,Sorted,211,212,0.00,47.17
0.001,10,Sorted,212,213,0.00,46.95
0.001,10,Sorted,213,214,0.00,46.73
0.001,10,Sorted,214,215,0.00,46.51
0.001,10,Sorted,215,216,0.00,46.30
0.001,10,Sorted,216,217,0.00,46.08
0.001,10,Sorted,217,218,0.00,45.87
0.001,10,Sorted,218,219,0.00,45.66
0.001,10,Sorted,219,220,100.00,45.91
0.001,10,Sorted,220,221,100.00,46.15
0.001,10,Sorted,221,222,100.00,46.40
0.001,10,Sorted,222,223,0.00,46.19
0.001,10,Sorted,223,224,100.00,46.43
0.001,10,Sorted,224,225,0.00,46.22
0.001,10,Sorted,225,226,100.00,46.46
0.001,10,Sorted,226,227,0.00,46.26
0.001,10,Sorted,227,228,100.00,46.49
0.001,10,Sorted,228,229,100.00,46.72
0.001,10,Sorted,229,230,0.00,46.52
0.001,10,Sorted,230,231,100.00,46.75
0.001,10,Sorted,231,232,0.00,46.55
0.001,10,Sorted,232,233,0.00,46.35
0.001,10,Sorted,233,234,100.00,46.58
0.001,10,Sorted,234,235,100.00,46.81
0.001,10,Sorted,235,236,100.00,47.03
0.001,10,Sorted,236,237,0.00,46.84
0.001,10,Sorted,237,238,0.00,46.64
0.001,10,Sorted,238,239,0.00,46.44
0.001,10,Sorted,239,240,100.00,46.67
0.001,10,Sorted,240,241,100.00,46.89
0.001,10,Sorted,241,242,0.00,46.69
0.001,10,Sorted,242,243,100.00,46.91
0.001,10,Sorted,243,244,100.00,47.13
0.001,10,Sorted,244,245,100.00,47.35
0.001,10,Sorted,245,246,100.00,47.56
0.001,10,Sorted,246,247,0.00,47.37
0.001,10,Sorted,247,248,100.00,47.58
0.001,10,Sorted,248,249,100.00,47.79
0.001,10,Sorted,249,250,0.00,47.60
0.001,10,Sorted,250,251,0.00,47.41
0.001,10,Sorted,251,252,0.00,47.22
0.001,10,Sorted,252,253,0.00,47.04
0.001,10,Sorted,253,254,100.00,47.24
0.001,10,Sorted,254,255,0.00,47.06
0.001,10,Sorted,255,256,0.00,46.88
0.001,10,Sorted,256,257,0.00,46.69
0.001,10,Sorted,257,258,0.00,46.51
0.001,10,Sorted,258,259,100.00,46.72
0.001,10,Sorted,259,260,100.00,46.92
0.001,10,Sorted,260,261,100.00,47.13
0.001,10,Sorted,261,262,0.00,46.95
0.001,10,Sorted,262,263,100.00,47.15
0.001,10,Sorted,263,264,0.00,46.97
0.001,10,Sorted,264,265,0.00,46.79
0.001,10,Sorted,265,266,100.00,46.99
0.001,10,Sorted,266,267,100.00,47.19
0.001,10,Sorted,267,268,100.00,47.39
0.001,10,Sorted,268,269,0.00,47.21
0.001,10,Sorted,269,270,100.00,47.41
0.001,10,Sorted,270,271,0.00,47.23
0.001,10,Sorted,271,272,0.00,47.06
0.001,10,Sorted,272,273,0.00,46.89
0.001,10,Sorted,273,274,0.00,46.72
0.001,10,Sorted,274,275,0.00,46.55
0.001,10,Sorted,275,276,100.00,46.74
0.001,10,Sorted,276,277,0.00,46.57
0.001,10,Sorted,277,278,0.00,46.40
0.001,10,Sorted,278,279,0.00,46.24
0.001,10,Sorted,279,280,100.00,46.43
0.001,10,Sorted,280,281,100.00,46.62
0.001,10,Sorted,281,282,100.00,46.81
0.001,10,Sorted,282,283,100.00,47.00
0.001,10,Sorted,283,284,0.00,46.83
0.001,10,Sorted,284,285,0.00,46.67
0.001,10,Sorted,285,286,100.00,46.85
0.001,10,Sorted,286,287,100.00,47.04
0.001,10,Sorted,287,288,0.00,46.88
0.001,10,Sorted,288,289,0.00,46.71
0.001,10,Sorted,289,290,0.00,46.55
0.001,10,Sorted,290,291,0.00,46.39
0.001,10,Sorted,291,292,0.00,46.23
0.001,10,Sorted,292,293,0.00,46.08
0.001,10,Sorted,293,294,100.00,46.26
0.001,10,Sorted,294,295,100.00,46.44
0.001,10,Sorted,295,296,100.00,46.62
0.001,10,Sorted,296,297,0.00,46.46
0.001,10,Sorted,297,298,100.00,46.64
0.001,10,Sorted,298,299,0.00,46.49
0.001,10,Sorted,299,300,100.00,46.67
0.001,10,Sorted,300,301,0.00,46.51
0.001,10,Sorted,301,302,100.00,46.69
0.001,10,Sorted,302,303,0.00,46.53
0.001,10,Sorted,303,304,0.00,46.38
0.001,10,Sorted,304,305,0.00,46.23
0.001,10,Sorted,305,306,100.00,46.41
0.001,10,Sorted,306,307,0.00,46.25
0.001,10,Sorted,307,308,0.00,46.10
0.001,10,Sorted,308,309,100.00,46.28
0.001,10,Sorted,309,310,0.00,46.13
0.001,10,Sorted,310,311,0.00,45.98
0.001,10,Sorted,311,312,0.00,45.83
0.001,10,Sorted,312,313,0.00,45.69
0.001,10,Sorted,313,314,100.00,45.86
0.001,10,Sorted,314,315,0.00,45.71
0.001,10,Sorted,315,316,100.00,45.89
0.001,10,Sorted,316,317,100.00,46.06
0.001,10,Sorted,317,318,0.00,45.91
0.001,10,Sorted,318,319,0.00,45.77
0.001,10,Sorted,319,320,100.00,45.94
0.001,10,Sorted,320,321,100.00,46.11
0.001,10,Sorted,321,322,0.00,45.96
0.001,10,Sorted,322,323,100.00,46.13
0.001,10,Sorted,323,324,0.00,45.99
0.001,10,Sorted,324,325,100.00,46.15
0.001,10,Sorted,325,326,100.00,46.32
0.001,10,Sorted,326,327,100.00,46.48
0.001,10,Sorted,327,328,100.00,46.65
0.001,10,Sorted,328,329,0.00,46.50
0.001,10,Sorted,329,330,0.00,46.36
0.001,10,Sorted,330,331,0.00,46.22
0.001,10,Sorted,331,332,0.00,46.08
0.001,10,Sorted,332,333,0.00,45.95
0.001,10,Sorted,333,334,0.00,45.81
0.001,10,Sorted,334,335,0.00,45.67
0.001,10,Sorted,335,336,0.00,45.54
0.001,10,Sorted,336,337,0.00,45.40
0.001,10,Sorted,337,338,0.00,45.27
0.001,10,Sorted,338,339,0.00,45.13
0.001,10,Sorted,339,340,0.00,45.00
0.001,10,Sorted,340,341,100.00,45.16
0.001,10,Sorted,341,342,100.00,45.32
0.001,10,Sorted,342,343,0.00,45.19
0.001,10,Sorted,343,344,0.00,45.06
0.001,10,Sorted,344,345,0.00,44.93
0.001,10,Sorted,345,346,0.00,44.80
0.001,10,Sorted,346,347,0.00,44.67
0.001,10,Sorted,347,348,0.00,44.54
0.001,10,Sorted,348,349,0.00,44.41
0.001,10,Sorted,349,350,0.00,44.29
0.001,10,Sorted,350,351,100.00,44.44
0.001,10,Sorted,351,352,0.00,44.32
0.001,10,Sorted,352,353,0.00,44.19
0.001,10,Sorted,353,354,100.00,44.35
0.001,10,Sorted,354,355,100.00,44.51
0.001,10,Sorted,355,356,100.00,44.66
0.001,10,Sorted,356,357,100.00,44.82
0.001,10,Sorted,357,358,100.00,44.97
0.001,10,Sorted,358,359,100.00,45.13
0.001,10,Sorted,359,360,100.00,45.28
0.001,10,Sorted,360,361,0.00,45.15
0.001,10,Sorted,361,362,0.00,45.03
0.001,10,Sorted,362,363,0.00,44.90
0.001,10,Sorted,363,364,0.00,44.78
0.001,10,Sorted,364,365,0.00,44.66
0.001,10,Sorted,365,366,0.00,44.54
0.001,10,Sorted,366,367,0.00,44.41
0.001,10,Sorted,367,368,0.00,44.29
0.001,10,Sorted,368,369,0.00,44.17
0.001,10,Sorted,369,370,0.00,44.05
0.001,10,Sorted,370,371,100.00,44.20
0.001,10,Sorted,371,372,0.00,44.09
0.001,10,Sorted,372,373,0.00,43.97
0.001,10,Sorted,373,374,0.00,43.85
0.001,10,Sorted,374,375,0.00,43.73
0.001,10,Sorted,375,376,0.00,43.62
0.001,10,Sorted,376,377,100.00,43.77
0.001,10,Sorted,377,378,100.00,43.92
0.001,10,Sorted,378,379,0.00,43.80
0.001,10,Sorted,379,380,0.00,43.68
0.001,10,Sorted,380,381,0.00,43.57
0.001,10,Sorted,381,382,0.00,43.46
0.001,10,Sorted,382,383,100.00,43.60
0.001,10,Sorted,383,384,0.00,43.49
0.001,10,Sorted,384,385,100.00,43.64
0.001,10,Sorted,385,386,0.00,43.52
0.001,10,Sorted,386,387,0.00,43.41
0.001,10,Sorted,387,388,100.00,43.56
0.001,10,Sorted,388,389,0.00,43.44
0.001,10,Sorted,389,390,0.00,43.33
0.001,10,Sorted,390,391,0.00,43.22
0.001,10,Sorted,391,392,100.00,43.37
0.001,10,Sorted,392,393,0.00,43.26
0.001,10,Sorted,393,394,0.00,43.15
0.001,10,Sorted,394,395,100.00,43.29
0.001,10,Sorted,395,396,0.00,43.18
0.001,10,Sorted,396,397,100.00,43.32
0.001,10,Sorted,397,398,100.00,43.47
0.001,10,Sorted,398,399,100.00,43.61
0.001,10,Sorted,399,400,0.00,43.50
0.001,50,Casual,0,1,0.00,0.00
0.001,50,Casual,1,2,100.00,50.00
0.001,50,Casual,2,3,100.00,66.67
0.001,50,Casual,3,4,100.00,75.00
0.001,50,Casual,4,5,100.00,80.00
0.001,50,Casual,5,6,100.00,83.33
0.001,50,Casual,6,7,0.00,71.43
0.001,50,Casual,7,8,100.00,75.00
0.001,50,Casual,8,9,0.00,66.67
0.001,50,Casual,9,10,100.00,70.00
0.001,50,Casual,10,11,100.00,72.73
0.001,50,Casual,11,12,0.00,66.67
0.001,50,Casual,12,13,0.00,61.54
0.001,50,Casual,13,14,0.00,57.14
0.001,50,Casual,14,15,100.00,60.00
0.001,50,Casual,15,16,0.00,56.25
0.001,50,Casual,16,17,100.00,58.82
0.001,50,Casual,17,18,100.00,61.11
0.001,50,Casual,18,19,0.00,57.89
0.001,50,Casual,19,20,100.00,60.00
0.001,50,Casual,20,21,100.00,61.90
0.001,50,Casual,21,22,100.00,63.64
0.001,50,Casual,22,23,0.00,60.87
0.001,50,Casual,23,24,0.00,58.33
0.001,50,Casual,24,25,0.00,56.00
0.001,50,Casual,25,26,0.00,53.85
0.001,50,Casual,26,27,100.00,55.56
0.001,50,Casual,27,28,0.00,53.57
0.001,50,Casual,28,29,0.00,51.72
0.001,50,Casual,29,30,0.00,50.00
0.001,50,Casual,30,31,0.00,48.39
0.001,50,Casual,31,32,0.00,46.88
0.001,50,Casual,32,33,0.00,45.45
0.001,50,Casual,33,34,0.00,44.12
0.001,50,Casual,34,35,0.00,42.86
0.001,50,Casual,35,36,0.00,41.67
0.001,50,Casual,36,37,0.00,40.54
0.001,50,Casual,37,38,100.00,42.11
0.001,50,Casual,38,39,0.00,41.03
0.001,50,Casual,39,40,0.00,40.00
0.001,50,Casual,40,41,100.00,41.46
0.001,50,Casual,41,42,100.00,42.86
0.001,50,Casual,42,43,0.00,41.86
0.001,50,Casual,43,44,100.00,43.18
0.001,50,Casual,44,45,0.00,42.22
0.001,50,Casual,45,46,0.00,41.30
0.001,50,Casual,46,47,0.00,40.43
0.001,50,Casual,47,48,100.00,41.67
0.001,50,Casual,48,49,100.00,42.86
0.001,50,Casual,49,50,0.00,42.00
0.001,50,Casual,50,51,0.00,41.18
0.001,50,Casual,51,52,0.00,40.38
0.001,50,Casual,52,53,0.00,39.62
0.001,50,Casual,53,54,100.00,40.74
0.001,50,Casual,54,55,0.00,40.00
0.001,50,Casual,55,56,0.00,39.29
0.001,50,Casual,56,57,0.00,38.60
0.001,50,Casual,57,58,0.00,37.93
0.001,50,Casual,58,59,0.00,37.29
0.001,50,Casual,59,60,100.00,38.33
0.001,50,Casual,60,61,100.00,39.34
0.001,50,Casual,61,62,0.00,38.71
0.001,50,Casual,62,63,0.00,38.10
0.001,50,Casual,63,64,0.00,37.50
0.001,50,Casual,64,65,100.00,38.46
0.001,50,Casual,65,66,0.00,37.88
0.001,50,Casual,66,67,0.00,37.31
0.001,50,Casual,67,68,0.00,36.76
0.001,50,Casual,68,69,100.00,37.68
0.001,50,Casual,69,70,0.00,37.14
0.001,50,Casual,70,71,100.00,38.03
0.001,50,Casual,71,72,0.00,37.50
0.001,50,Casual,72,73,100.00,38.36
0.001,50,Casual,73,74,0.00,37.84
0.001,50,Casual,74,75,100.00,38.67
0.001,50,Casual,75,76,0.00,38.16
0.001,50,Casual,76,77,0.00,37.66
0.001,50,Casual,77,78,100.00,38.46
0.001,50,Casual,78,79,100.00,39.24
0.001,50,Casual,79,80,0.00,38.75
0.001,50,Casual,80,81,100.00,39.51
0.001,50,Casual,81,82,0.00,39.02
0.001,50,Casual,82,83,0.00,38.55
0.001,50,Casual,83,84,0.00,38.10
0.001,50,Casual,84,85,0.00,37.65
0.001,50,Casual,85,86,100.00,38.37
0.001,50,Casual,86,87,100.00,39.08
0.001,50,Casual,87,88,100.00,39.77
0.001,50,Casual,88,89,100.00,40.45
0.001,50,Casual,89,90,0.00,40.00
0.001,50,Casual,90,91,0.00,39.56
0.001,50,Casual,91,92,100.00,40.22
0.001,50,Casual,92,93,100.00,40.86
0.001,50,Casual,93,94,0.00,40.43
0.001,50,Casual,94,95,0.00,40.00
0.001,50,Casual,95,96,0.00,39.58
0.001,50,Casual,96,97,100.00,40.21
0.001,50,Casual,97,98,100.00,40.82
0.001,50,Casual,98,99,100.00,41.41
0.001,50,Casual,99,100,100.00,42.00
0.001,50,Casual,100,101,100.00,42.57
0.001,50,Casual,101,102,0.00,42.16
0.001,50,Casual,102,103,0.00,41.75
0.001,50,Casual,103,104,0.00,41.35
0.001,50,Casual,104,105,100.00,41.90
0.001,50,Casual,105,106,100.00,42.45
0.001,50,Casual,106,107,0.00,42.06
0.001,50,Casual,107,108,0.00,41.67
0.001,50,Casual,108,109,100.00,42.20
0.001,50,Casual,109,110,100.00,42.73
0.001,50,Casual,110,111,0.00,42.34
0.001,50,Casual,111,112,100.00,42.86
0.001,50,Casual,112,113,100.00,43.36
0.001,50,Casual,113,114,0.00,42.98
0.001,50,Casual,114,115,0.00,42.61
0.001,50,Casual,115,116,0.00,42.24
0.001,50,Casual,116,117,0.00,41.88
0.001,50,Casual,117,118,0.00,41.53
0.001,50,Casual,118,119,100.00,42.02
0.001,50,Casual,119,120,0.00,41.67
0.001,50,Casual,120,121,100.00,42.15
0.001,50,Casual,121,122,100.00,42.62
0.001,50,Casual,122,123,0.00,42.28
0.001,50,Casual,123,124,0.00,41.94
0.001,50,Casual,124,125,0.00,41.60
0.001,50,Casual,125,126,100.00,42.06
0.001,50,Casual,126,127,100.00,42.52
0.001,50,Casual,127,128,100.00,42.97
0.001,50,Casual,128,129,100.00,43.41
0.001,50,Casual,129,130,100.00,43.85
0.001,50,Casual,130,131,100.00,44.27
0.001,50,Casual,131,132,0.00,43.94
0.001,50,Casual,132,133,0.00,43.61
0.001,50,Casual,133,134,0.00,43.28
0.001,50,Casual,134,135,100.00,43.70
0.001,50,Casual,135,136,0.00,43.38
0.001,50,Casual,136,137,0.00,43.07
0.001,50,Casual,137,138,100.00,43.48
0.001,50,Casual,138,139,0.00,43.17
0.001,50,Casual,139,140,100.00,43.57
0.001,50,Casual,140,141,100.00,43.97
0.001,50,Casual,141,142,0.00,43.66
0.001,50,Casual,142,143,0.00,43.36
0.001,50,Casual,143,144,100.00,43.75
0.001,50,Casual,144,145,100.00,44.14
0.001,50,Casual,145,146,0.00,43.84
0.001,50,Casual,146,147,100.00,44.22
0.001,50,Casual,147,148,0.00,43.92
0.001,50,Casual,148,149,0.00,43.62
0.001,50,Casual,149,150,100.00,44.00
0.001,50,Casual,150,151,0.00,43.71
0.001,50,Casual,151,152,0.00,43.42
0.001,50,Casual,152,153,100.00,43.79
0.001,50,Casual,153,154,100.00,44.16
0.001,50,Casual,154,155,0.00,43.87
0.001,50,Casual,155,156,100.00,44.23
0.001,50,Casual,156,157,100.00,44.59
0.001,50,Casual,157,158,100.00,44.94
0.001,50,Casual,158,159,100.00,45.28
0.001,50,Casual,159,160,0.00,45.00
0.001,50,Casual,160,161,100.00,45.34
0.001,50,Casual,161,162,0.00,45.06
0.001,50,Casual,162,163,100.00,45.40
0.001,50,Casual,163,164,0.00,45.12
0.001,50,Casual,164,165,100.00,45.45
0.001,50,Casual,165,166,0.00,45.18
0.001,50,Casual,166,167,0.00,44.91
0.001,50,Casual,167,168,0.00,44.64
0.001,50,Casual,168,169,0.00,44.38
0.001,50,Casual,169,170,100.00,44.71
0.001,50,Casual,170,171,0.00,44.44
0.001,50,Casual,171,172,0.00,44.19
0.001,50,Casual,172,173,0.00,43.93
0.001,50,Casual,173,174,0.00,43.68
0.001,50,Casual,174,175,0.00,43.43
0.001,50,Casual,175,176,0.00,43.18
0.001,50,Casual,176,177,0.00,42.94
0.001,50,Casual,177,178,100.00,43.26
0.001,50,Casual,178,179,0.00,43.02
0.001,50,Casual,179,180,100.00,43.33
0.001,50,Casual,180,181,100.00,43.65
0.001,50,Casual,181,182,100.00,43.96
0.001,50,Casual,182,183,0.00,43.72
0.001,50,Casual,183,184,0.00,43.48
0.001,50,Casual,184,185,0.00,43.24
0.001,50,Casual,185,186,0.00,43.01
0.001,50,Casual,186,187,0.00,42.78
0.001,50,Casual,187,188,100.00,43.09
0.001,50,Casual,188,189,0.00,42.86
0.001,50,Casual,189,190,0.00,42.63
0.001,50,Casual,190,191,0.00,42.41
0.001,50,Casual,191,192,100.00,42.71
0.001,50,Casual,192,193,0.00,42.49
0.001,50,Casual,193,194,0.00,42.27
0.001,50,Casual,194,195,0.00,42.05
0.001,50,Casual,195,196,0.00,41.84
0.001,50,Casual,196,197,0.00,41.62
0.001,50,Casual,197,198,100.00,41.92
0.001,50,Casual,198,199,0.00,41.71
0.001,50,Casual,199,200,0.00,41.50
0.001,50,Casual,200,201,100.00,41.79
0.001,50,Casual,201,202,0.00,41.58
0.001,50,Casual,202,203,0.00,41.38
0.001,50,Casual,203,204,0.00,41.18
0.001,50,Casual,204,205,0.00,40.98
0.001,50,Casual,205,206,0.00,40.78
0.001,50,Casual,206,207,100.00,41.06
0.001,50,Casual,207,208,0.00,40.87
0.001,50,Casual,208,209,100.00,41.15
0.001,50,Casual,209,210,100.00,41.43
0.001,50,Casual,210,211,0.00,41.23
0.001,50,Casual,211,212,0.00,41.04
0.001,50,Casual,212,213,0.00,40.85
0.001,50,Casual,213,214,100.00,41.12
0.001,50,Casual,214,215,0.00,40.93
0.001,50,Casual,215,216,0.00,40.74
0.001,50,Casual,216,217,100.00,41.01
0.001,50,Casual,217,218,100.00,41.28
0.001,50,Casual,218,219,0.00,41.10
0.001,50,Casual,219,220,0.00,40.91
0.001,50,Casual,220,221,100.00,41.18
0.001,50,Casual,221,222,0.00,40.99
0.001,50,Casual,222,223,100.00,41.26
0.001,50,Casual,223,224,100.00,41.52
0.001,50,Casual,224,225,100.00,41.78
0.001,50,Casual,225,226,0.00,41.59
0.001,50,Casual,226,227,100.00,41.85
0.001,50,Casual,227,228,0.00,41.67
0.001,50,Casual,228,229,0.00,41.48
0.001,50,Casual,229,230,0.00,41.30
0.001,50,Casual,230,231,0.00,41.13
0.001,50,Casual,231,232,0.00,40.95
0.001,50,Casual,232,233,100.00,41.20
0.001,50,Casual,233,234,0.00,41.03
0.001,50,Casual,234,235,0.00,40.85
0.001,50,Casual,235,236,0.00,40.68
0.001,50,Casual,236,237,100.00,40.93
0.001,50,Casual,237,238,100.00,41.18
0.001,50,Casual,238,239,0.00,41.00
0.001,50,Casual,239,240,0.00,40.83
0.001,50,Casual,240,241,100.00,41.08
0.001,50,Casual,241,242,0.00,40.91
0.001,50,Casual,242,243,100.00,41.15
0.001,50,Casual,243,244,0.00,40.98
0.001,50,Casual,244,245,0.00,40.82
0.001,50,Casual,245,246,100.00,41.06
0.001,50,Casual,246,247,0.00,40.89
0.001,50,Casual,247,248,0.00,40.73
0.001,50,Casual,248,249,0.00,40.56
0.001,50,Casual,249,250,100.00,40.80
0.001,50,Casual,250,251,0.00,40.64
0.001,50,Casual,251,252,0.00,40.48
0.001,50,Casual,252,253,0.00,40.32
0.001,50,Casual,253,254,100.00,40.55
0.001,50,Casual,254,255,100.00,40.78
0.001,50,Casual,255,256,100.00,41.02
0.001,50,Casual,256,257,100.00,41.25
0.001,50,Casual,257,258,100.00,41.47
0.001,50,Casual,258,259,100.00,41.70
0.001,50,Casual,259,260,100.00,41.92
0.001,50,Casual,260,261,100.00,42.15
0.001,50,Casual,261,262,0.00,41.98
0.001,50,Casual,262,263,100.00,42.21
0.001,50,Casual,263,264,100.00,42.42
0.001,50,Casual,264,265,0.00,42.26
0.001,50,Casual,265,266,100.00,42.48
0.001,50,Casual,266,267,100.00,42.70
0.001,50,Casual,267,268,100.00,42.91
0.001,50,Casual,268,269,0.00,42.75
0.001,50,Casual,269,270,0.00,42.59
0.001,50,Casual,270,271,0.00,42.44
0.001,50,Casual,271,272,0.00,42.28
0.001,50,Casual,272,273,0.00,42.12
0.001,50,Casual,273,274,0.00,41.97
0.001,50,Casual,274,275,0.00,41.82
0.001,50,Casual,275,276,100.00,42.03
0.001,50,Casual,276,277,100.00,42.24
0.001,50,Casual,277,278,100.00,42.45
0.001,50,Casual,278,279,0.00,42.29
0.001,50,Casual,279,280,0.00,42.14
0.001,50,Casual,280,281,100.00,42.35
0.001,50,Casual,281,282,100.00,42.55
0.001,50,Casual,282,283,0.00,42.40
0.001,50,Casual,283,284,0.00,42.25
0.001,50,Casual,284,285,100.00,42.46
0.001,50,Casual,285,286,100.00,42.66
0.001,50,Casual,286,287,0.00,42.51
0.001,50,Casual,287,288,100.00,42.71
0.001,50,Casual,288,289,100.00,42.91
0.001,50,Casual,289,290,100.00,43.10
0.001,50,Casual,290,291,100.00,43.30
0.001,50,Casual,291,292,0.00,43.15
0.001,50,Casual,292,293,100.00,43.34
0.001,50,Casual,293,294,0.00,43.20
0.001,50,Casual,294,295,0.00,43.05
0.001,50,Casual,295,296,0.00,42.91
0.001,50,Casual,296,297,0.00,42.76
0.001,50,Casual,297,298,100.00,42.95
0.001,50,Casual,298,299,100.00,43.14
0.001,50,Casual,299,300,100.00,43.33
0.001,50,Casual,300,301,0.00,43.19
0.001,50,Casual,301,302,100.00,43.38
0.001,50,Casual,302,303,100.00,43.56
0.001,50,Casual,303,304,0.00,43.42
0.001,50,Casual,304,305,100.00,43.61
0.001,50,Casual,305,306,100.00,43.79
0.001,50,Casual,306,307,100.00,43.97
0.001,50,Casual,307,308,0.00,43.83
0.001,50,Casual,308,309,0.00,43.69
0.001,50,Casual,309,310,100.00,43.87
0.001,50,Casual,310,311,100.00,44.05
0.001,50,Casual,311,312,100.00,44.23
0.001,50,Casual,312,313,100.00,44.41
0.001,50,Casual,313,314,100.00,44.59
0.001,50,Casual,314,315,100.00,44.76
0.001,50,Casual,315,316,0.00,44.62
0.001,50,Casual,316,317,0.00,44.48
0.001,50,Casual,317,318,0.00,44.34
0.001,50,Casual,318,319,100.00,44.51
0.001,50,Casual,319,320,100.00,44.69
0.001,50,Casual,320,321,100.00,44.86
0.001,50,Casual,321,322,0.00,44.72
0.001,50,Casual,322,323,0.00,44.58
0.001,50,Casual,323,324,100.00,44.75
0.001,50,Casual,324,325,0.00,44.62
0.001,50,Casual,325,326,100.00,44.79
0.001,50,Casual,326,327,0.00,44.65
0.001,50,Casual,327,328,0.00,44.51
0.001,50,Casual,328,329,100.00,44.68
0.001,50,Casual,329,330,0.00,44.55
0.001,50,Casual,330,331,100.00,44.71
0.001,50,Casual,331,332,100.00,44.88
0.001,50,Casual,332,333,100.00,45.05
0.001,50,Casual,333,334,0.00,44.91
0.001,50,Casual,334,335,0.00,44.78
0.001,50,Casual,335,336,100.00,44.94
0.001,50,Casual,336,337,100.00,45.10
0.001,50,Casual,337,338,0.00,44.97
0.001,50,Casual,338,339,0.00,44.84
0.001,50,Casual,339,340,100.00,45.00
0.001,50,Casual,340,341,100.00,45.16
0.001,50,Casual,341,342,0.00,45.03
0.001,50,Casual,342,343,0.00,44.90
0.001,50,Casual,343,344,100.00,45.06
0.001,50,Casual,344,345,100.00,45.22
0.001,50,Casual,345,346,0.00,45.09
0.001,50,Casual,346,347,0.00,44.96
0.001,50,Casual,347,348,0.00,44.83
0.001,50,Casual,348,349,0.00,44.70
0.001,50,Casual,349,350,100.00,44.86
0.001,50,Casual,350,351,0.00,44.73
0.001,50,Casual,351,352,100.00,44.89
0.001,50,Casual,352,353,0.00,44.76
0.001,50,Casual,353,354,100.00,44.92
0.001,50,Casual,354,355,100.00,45.07
0.001,50,Casual,355,356,0.00,44.94
0.001,50,Casual,356,357,0.00,44.82
0.001,50,Casual,357,358,0.00,44.69
0.001,50,Casual,358,359,0.00,44.57
0.001,50,Casual,359,360,0.00,44.44
0.001,50,Casual,360,361,0.00,44.32
0.001,50,Casual,361,362,100.00,44.48
0.001,50,Casual,362,363,100.00,44.63
0.001,50,Casual,363,364,100.00,44.78
0.001,50,Casual,364,365,100.00,44.93
0.001,50,Casual,365,366,0.00,44.81
0.001,50,Casual,366,367,0.00,44.69
0.001,50,Casual,367,368,0.00,44.57
0.001,50,Casual,368,369,100.00,44.72
0.001,50,Casual,369,370,100.00,44.86
0.001,50,Casual,370,371,0.00,44.74
0.001,50,Casual,371,372,0.00,44.62
0.001,50,Casual,372,373,0.00,44.50
0.001,50,Casual,373,374,0.00,44.39
0.001,50,Casual,374,375,0.00,44.27
0.001,50,Casual,375,376,100.00,44.41
0.001,50,Casual,376,377,0.00,44.30
0.001,50,Casual,377,378,100.00,44.44
0.001,50,Casual,378,379,100.00,44.59
0.001,50,Casual,379,380,0.00,44.47
0.001,50,Casual,380,381,0.00,44.36
0.001,50,Casual,381,382,0.00,44.24
0.001,50,Casual,382,383,0.00,44.13
0.001,50,Casual,383,384,0.00,44.01
0.001,50,Casual,384,385,0.00,43.90
0.001,50,Casual,385,386,0.00,43.78
0.001,50,Casual,386,387,0.00,43.67
0.001,50,Casual,387,388,0.00,43.56
0.001,50,Casual,388,389,100.00,43.70
0.001,50,Casual,389,390,0.00,43.59
0.001,50,Casual,390,391,0.00,43.48
0.001,50,Casual,391,392,0.00,43.37
0.001,50,Casual,392,393,100.00,43.51
0.001,50,Casual,393,394,100.00,43.65
0.001,50,Casual,394,395,0.00,43.54
0.001,50,Casual,395,396,0.00,43.43
0.001,50,Casual,396,397,100.00,43.58
0.001,50,Casual,397,398,0.00,43.47
0.001,50,Casual,398,399,0.00,43.36
0.001,50,Casual,399,400,0.00,43.25
0.001,50,Sorted,0,1,0.00,0.00
0.001,50,Sorted,1,2,100.00,50.00
0.001,50,Sorted,2,3,100.00,66.67
0.001,50,Sorted,3,4,0.00,50.00
0.001,50,Sorted,4,5,0.00,40.00
0.001,50,Sorted,5,6,0.00,33.33
0.001,50,Sorted,6,7,100.00,42.86
0.001,50,Sorted,7,8,0.00,37.50
0.001,50,Sorted,8,9,0.00,33.33
0.001,50,Sorted,9,10,0.00,30.00
0.001,50,Sorted,10,11,0.00,27.27
0.001,50,Sorted,11,12,100.00,33.33
0.001,50,Sorted,12,13,100.00,38.46
0.001,50,Sorted,13,14,0.00,35.71
0.001,50,Sorted,14,15,100.00,40.00
0.001,50,Sorted,15,16,100.00,43.75
0.001,50,Sorted,16,17,100.00,47.06
0.001,50,Sorted,17,18,0.00,44.44
0.001,50,Sorted,18,19,100.00,47.37
0.001,50,Sorted,19,20,100.00,50.00
0.001,50,Sorted,20,21,100.00,52.38
0.001,50,Sorted,21,22,0.00,50.00
0.001,50,Sorted,22,23,0.00,47.83
0.001,50,Sorted,23,24,100.00,50.00
0.001,50,Sorted,24,25,0.00,48.00
0.001,50,Sorted,25,26,100.00,50.00
0.001,50,Sorted,26,27,0.00,48.15
0.001,50,Sorted,27,28,0.00,46.43
0.001,50,Sorted,28,29,100.00,48.28
0.001,50,Sorted,29,30,0.00,46.67
0.001,50,Sorted,30,31,100.00,48.39
0.001,50,Sorted,31,32,0.00,46.88
0.001,50,Sorted,32,33,100.00,48.48
0.001,50,Sorted,33,34,100.00,50.00
0.001,50,Sorted,34,35,0.00,48.57
0.001,50,Sorted,35,36,100.00,50.00
0.001,50,Sorted,36,37,100.00,51.35
0.001,50,Sorted,37,38,100.00,52.63
0.001,50,Sorted,38,39,0.00,51.28
0.001,50,Sorted,39,40,100.00,52.50
0.001,50,Sorted,40,41,100.00,53.66
0.001,50,Sorted,41,42,100.00,54.76
0.001,50,Sorted,42,43,100.00,55.81
0.001,50,Sorted,43,44,0.00,54.55
0.001,50,Sorted,44,45,100.00,55.56
0.001,50,Sorted,45,46,100.00,56.52
0.001,50,Sorted,46,47,0.00,55.32
0.001,50,Sorted,47,48,100.00,56.25
0.001,50,Sorted,48,49,100.00,57.14
0.001,50,Sorted,49,50,100.00,58.00
0.001,50,Sorted,50,51,0.00,56.86
0.001,50,Sorted,51,52,0.00,55.77
0.001,50,Sorted,52,53,0.00,54.72
0.001,50,Sorted,53,54,0.00,53.70
0.001,50,Sorted,54,55,0.00,52.73
0.001,50,Sorted,55,56,100.00,53.57
0.001,50,Sorted,56,57,0.00,52.63
0.001,50,Sorted,57,58,100.00,53.45
0.001,50,Sorted,58,59,0.00,52.54
0.001,50,Sorted,59,60,0.00,51.67
0.001,50,Sorted,60,61,100.00,52.46
0.001,50,Sorted,61,62,100.00,53.23
0.001,50,Sorted,62,63,100.00,53.97
0.001,50,Sorted,63,64,100.00,54.69
0.001,50,Sorted,64,65,100.00,55.38
0.001,50,Sorted,65,66,100.00,56.06
0.001,50,Sorted,66,67,0.00,55.22
0.001,50,Sorted,67,68,0.00,54.41
0.001,50,Sorted,68,69,100.00,55.07
0.001,50,Sorted,69,70,0.00,54.29
0.001,50,Sorted,70,71,0.00,53.52
0.001,50,Sorted,71,72,100.00,54.17
0.001,50,Sorted,72,73,100.00,54.79
0.001,50,Sorted,73,74,0.00,54.05
0.001,50,Sorted,74,75,100.00,54.67
0.001,50,Sorted,75,76,100.00,55.26
0.001,50,Sorted,76,77,0.00,54.55
0.001,50,Sorted,77,78,0.00,53.85
0.001,50,Sorted,78,79,0.00,53.16
0.001,50,Sorted,79,80,0.00,52.50
0.001,50,Sorted,80,81,0.00,51.85
0.001,50,Sorted,81,82,0.00,51.22
0.001,50,Sorted,82,83,100.00,51.81
0.001,50,Sorted,83,84,0.00,51.19
0.001,50,Sorted,84,85,0.00,50.59
0.001,50,Sorted,85,86,100.00,51.16
0.001,50,Sorted,86,87,0.00,50.57
0.001,50,Sorted,87,88,100.00,51.14
0.001,50,Sorted,88,89,0.00,50.56
0.001,50,Sorted,89,90,0.00,50.00
0.001,50,Sorted,90,91,0.00,49.45
0.001,50,Sorted,91,92,0.00,48.91
0.001,50,Sorted,92,93,0.00,48.39
0.001,50,Sorted,93,94,0.00,47.87
0.001,50,Sorted,94,95,0.00,47.37
0.001,50,Sorted,95,96,0.00,46.88
0.001,50,Sorted,96,97,100.00,47.42
0.001,50,Sorted,97,98,100.00,47.96
0.001,50,Sorted,98,99,0.00,47.47
0.001,50,Sorted,99,100,100.00,48.00
0.001,50,Sorted,100,101,100.00,48.51
0.001,50,Sorted,101,102,0.00,48.04
0.001,50,Sorted,102,103,0.00,47.57
0.001,50,Sorted,103,104,0.00,47.12
0.001,50,Sorted,104,105,100.00,47.62
0.001,50,Sorted,105,106,100.00,48.11
0.001,50,Sorted,106,107,0.00,47.66
0.001,50,Sorted,107,108,100.00,48.15
0.001,50,Sorted,108,109,100.00,48.62
0.001,50,Sorted,109,110,0.00,48.18
0.001,50,Sorted,110,111,100.00,48.65
0.001,50,Sorted,111,112,100.00,49.11
0.001,50,Sorted,112,113,0.00,48.67
0.001,50,Sorted,113,114,0.00,48.25
0.001,50,Sorted,114,115,0.00,47.83
0.001,50,Sorted,115,116,100.00,48.28
0.001,50,Sorted,116,117,0.00,47.86
0.001,50,Sorted,117,118,100.00,48.31
0.001,50,Sorted,118,119,0.00,47.90
0.001,50,Sorted,119,120,0.00,47.50
0.001,50,Sorted,120,121,0.00,47.11
0.001,50,Sorted,121,122,100.00,47.54
0.001,50,Sorted,122,123,100.00,47.97
0.001,50,Sorted,123,124,0.00,47.58
0.001,50,Sorted,124,125,0.00,47.20
0.001,50,Sorted,125,126,0.00,46.83
0.001,50,Sorted,126,127,0.00,46.46
0.001,50,Sorted,127,128,0.00,46.09
0.001,50,Sorted,128,129,0.00,45.74
0.001,50,Sorted,129,130,100.00,46.15
0.001,50,Sorted,130,131,100.00,46.56
0.001,50,Sorted,131,132,100.00,46.97
0.001,50,Sorted,132,133,100.00,47.37
0.001,50,Sorted,133,134,0.00,47.01
0.001,50,Sorted,134,135,0.00,46.67
0.001,50,Sorted,135,136,100.00,47.06
0.001,50,Sorted,136,137,100.00,47.45
0.001,50,Sorted,137,138,100.00,47.83
0.001,50,Sorted,138,139,100.00,48.20
0.001,50,Sorted,139,140,0.00,47.86
0.001,50,Sorted,140,141,100.00,48.23
0.001,50,Sorted,141,142,0.00,47.89
0.001,50,Sorted,142,143,0.00,47.55
0.001,50,Sorted,143,144,0.00,47.22
0.001,50,Sorted,144,145,100.00,47.59
0.001,50,Sorted,145,146,100.00,47.95
0.001,50,Sorted,146,147,0.00,47.62
0.001,50,Sorted,147,148,100.00,47.97
0.001,50,Sorted,148,149,0.00,47.65
0.001,50,Sorted,149,150,0.00,47.33
0.001,50,Sorted,150,151,100.00,47.68
0.001,50,Sorted,151,152,0.00,47.37
0.001,50,Sorted,152,153,100.00,47.71
0.001,50,Sorted,153,154,100.00,48.05
0.001,50,Sorted,154,155,0.00,47.74
0.001,50,Sorted,155,156,0.00,47.44
0.001,50,Sorted,156,157,0.00,47.13
0.001,50,Sorted,157,158,0.00,46.84
0.001,50,Sorted,158,159,100.00,47.17
0.001,50,Sorted,159,160,0.00,46.88
0.001,50,Sorted,160,161,0.00,46.58
0.001,50,Sorted,161,162,0.00,46.30
0.001,50,Sorted,162,163,0.00,46.01
0.001,50,Sorted,163,164,0.00,45.73
0.001,50,Sorted,164,165,100.00,46.06
0.001,50,Sorted,165,166,0.00,45.78
0.001,50,Sorted,166,167,0.00,45.51
0.001,50,Sorted,167,168,100.00,45.83
0.001,50,Sorted,168,169,100.00,46.15
0.001,50,Sorted,169,170,0.00,45.88
0.001,50,Sorted,170,171,100.00,46.20
0.001,50,Sorted,171,172,0.00,45.93
0.001,50,Sorted,172,173,100.00,46.24
0.001,50,Sorted,173,174,0.00,45.98
0.001,50,Sorted,174,175,0.00,45.71
0.001,50,Sorted,175,176,0.00,45.45
0.001,50,Sorted,176,177,100.00,45.76
0.001,50,Sorted,177,178,100.00,46.07
0.001,50,Sorted,178,179,0.00,45.81
0.001,50,Sorted,179,180,0.00,45.56
0.001,50,Sorted,180,181,100.00,45.86
0.001,50,Sorted,181,182,100.00,46.15
0.001,50,Sorted,182,183,0.00,45.90
0.001,50,Sorted,183,184,0.00,45.65
0.001,50,Sorted,184,185,0.00,45.41
0.001,50,Sorted,185,186,100.00,45.70
0.001,50,Sorted,186,187,100.00,45.99
0.001,50,Sorted,187,188,100.00,46.28
0.001,50,Sorted,188,189,0.00,46.03
0.001,50,Sorted,189,190,0.00,45.79
0.001,50,Sorted,190,191,100.00,46.07
0.001,50,Sorted,191,192,0.00,45.83
0.001,50,Sorted,192,193,100.00,46.11
0.001,50,Sorted,193,194,0.00,45.88
0.001,50,Sorted,194,195,0.00,45.64
0.001,50,Sorted,195,196,0.00,45.41
0.001,50,Sorted,196,197,100.00,45.69
0.001,50,Sorted,197,198,0.00,45.45
0.001,50,Sorted,198,199,0.00,45.23
0.001,50,Sorted,199,200,0.00,45.00
0.001,50,Sorted,200,201,100.00,45.27
0.001,50,Sorted,201,202,0.00,45.05
0.001,50,Sorted,202,203,0.00,44.83
0.001,50,Sorted,203,204,100.00,45.10
0.001,50,Sorted,204,205,0.00,44.88
0.001,50,Sorted,205,206,0.00,44.66
0.001,50,Sorted,206,207,0.00,44.44
0.001,50,Sorted,207,208,100.00,44.71
0.001,50,Sorted,208,209,100.00,44.98
0.001,50,Sorted,209,210,0.00,44.76
0.001,50,Sorted,210,211,0.00,44.55
0.001,50,Sorted,211,212,100.00,44.81
0.001,50,Sorted,212,213,0.00,44.60
0.001,50,Sorted,213,214,0.00,44.39
0.001,50,Sorted,214,215,100.00,44.65
0.001,50,Sorted,215,216,100.00,44.91
0.001,50,Sorted,216,217,0.00,44.70
0.001,50,Sorted,217,218,0.00,44.50
0.001,50,Sorted,218,219,0.00,44.29
0.001,50,Sorted,219,220,0.00,44.09
0.001,50,Sorted,220,221,100.00,44.34
0.001,50,Sorted,221,222,100.00,44.59
0.001,50,Sorted,222,223,0.00,44.39
0.001,50,Sorted,223,224,100.00,44.64
0.001,50,Sorted,224,225,0.00,44.44
0.001,50,Sorted,225,226,100.00,44.69
0.001,50,Sorted,226,227,0.00,44.49
0.001,50,Sorted,227,228,100.00,44.74
0.001,50,Sorted,228,229,100.00,44.98
0.001,50,Sorted,229,230,0.00,44.78
0.001,50,Sorted,230,231,100.00,45.02
0.001,50,Sorted,231,232,0.00,44.83
0.001,50,Sorted,232,233,0.00,44.64
0.001,50,Sorted,233,234,100.00,44.87
0.001,50,Sorted,234,235,100.00,45.11
0.001,50,Sorted,235,236,100.00,45.34
0.001,50,Sorted,236,237,0.00,45.15
0.001,50,Sorted,237,238,0.00,44.96
0.001,50,Sorted,238,239,0.00,44.77
0.001,50,Sorted,239,240,0.00,44.58
0.001,50,Sorted,240,241,100.00,44.81
0.001,50,Sorted,241,242,0.00,44.63
0.001,50,Sorted,242,243,0.00,44.44
0.001,50,Sorted,243,244,100.00,44.67
0.001,50,Sorted,244,245,100.00,44.90
0.001,50,Sorted,245,246,100.00,45.12
0.001,50,Sorted,246,247,0.00,44.94
0.001,50,Sorted,247,248,100.00,45.16
0.001,50,Sorted,248,249,100.00,45.38
0.001,50,Sorted,249,250,0.00,45.20
0.001,50,Sorted,250,251,0.00,45.02
0.001,50,Sorted,251,252,0.00,44.84
0.001,50,Sorted,252,253,0.00,44.66
0.001,50,Sorted,253,254,100.00,44.88
0.001,50,Sorted,254,255,0.00,44.71
0.001,50,Sorted,255,256,0.00,44.53
0.001,50,Sorted,256,257,0.00,44.36
0.001,50,Sorted,257,258,0.00,44.19
0.001,50,Sorted,258,259,100.00,44.40
0.001,50,Sorted,259,260,100.00,44.62
0.001,50,Sorted,260,261,100.00,44.83
0.001,50,Sorted,261,262,0.00,44.66
0.001,50,Sorted,262,263,100.00,44.87
0.001,50,Sorted,263,264,0.00,44.70
0.001,50,Sorted,264,265,0.00,44.53
0.001,50,Sorted,265,266,100.00,44.74
0.001,50,Sorted,266,267,100.00,44.94
0.001,50,Sorted,267,268,100.00,45.15
0.001,50,Sorted,268,269,0.00,44.98
0.001,50,Sorted,269,270,100.00,45.19
0.001,50,Sorted,270,271,0.00,45.02
0.001,50,Sorted,271,272,0.00,44.85
0.001,50,Sorted,272,273,0.00,44.69
0.001,50,Sorted,273,274,0.00,44.53
0.001,50,Sorted,274,275,0.00,44.36
0.001,50,Sorted,275,276,0.00,44.20
0.001,50,Sorted,276,277,0.00,44.04
0.001,50,Sorted,277,278,0.00,43.88
0.001,50,Sorted,278,279,0.00,43.73
0.001,50,Sorted,279,280,100.00,43.93
0.001,50,Sorted,280,281,0.00,43.77
0.001,50,Sorted,281,282,100.00,43.97
0.001,50,Sorted,282,283,100.00,44.17
0.001,50,Sorted,283,284,0.00,44.01
0.001,50,Sorted,284,285,0.00,43.86
0.001,50,Sorted,285,286,100.00,44.06
0.001,50,Sorted,286,287,0.00,43.90
0.001,50,Sorted,287,288,0.00,43.75
0.001,50,Sorted,288,289,0.00,43.60
0.001,50,Sorted,289,290,0.00,43.45
0.001,50,Sorted,290,291,0.00,43.30
0.001,50,Sorted,291,292,0.00,43.15
0.001,50,Sorted,292,293,0.00,43.00
0.001,50,Sorted,293,294,0.00,42.86
0.001,50,Sorted,294,295,0.00,42.71
0.001,50,Sorted,295,296,100.00,42.91
0.001,50,Sorted,296,297,0.00,42.76
0.001,50,Sorted,297,298,0.00,42.62
0.001,50,Sorted,298,299,0.00,42.47
0.001,50,Sorted,299,300,0.00,42.33
0.001,50,Sorted,300,301,0.00,42.19
0.001,50,Sorted,301,302,100.00,42.38
0.001,50,Sorted,302,303,0.00,42.24
0.001,50,Sorted,303,304,0.00,42.11
0.001,50,Sorted,304,305,0.00,41.97
0.001,50,Sorted,305,306,100.00,42.16
0.001,50,Sorted,306,307,0.00,42.02
0.001,50,Sorted,307,308,0.00,41.88
0.001,50,Sorted,308,309,100.00,42.07
0.001,50,Sorted,309,310,0.00,41.94
0.001,50,Sorted,310,311,0.00,41.80
0.001,50,Sorted,311,312,0.00,41.67
0.001,50,Sorted,312,313,0.00,41.53
0.001,50,Sorted,313,314,100.00,41.72
0.001,50,Sorted,314,315,0.00,41.59
0.001,50,Sorted,315,316,100.00,41.77
0.001,50,Sorted,316,317,100.00,41.96
0.001,50,Sorted,317,318,0.00,41.82
0.001,50,Sorted,318,319,0.00,41.69
0.001,50,Sorted,319,320,100.00,41.88
0.001,50,Sorted,320,321,100.00,42.06
0.001,50,Sorted,321,322,0.00,41.93
0.001,50,Sorted,322,323,100.00,42.11
0.001,50,Sorted,323,324,0.00,41.98
0.001,50,Sorted,324,325,0.00,41.85
0.001,50,Sorted,325,326,0.00,41.72
0.001,50,Sorted,326,327,100.00,41.90
0.001,50,Sorted,327,328,100.00,42.07
0.001,50,Sorted,328,329,0.00,41.95
0.001,50,Sorted,329,330,0.00,41.82
0.001,50,Sorted,330,331,0.00,41.69
0.001,50,Sorted,331,332,0.00,41.57
0.001,50,Sorted,332,333,100.00,41.74
0.001,50,Sorted,333,334,0.00,41.62
0.001,50,Sorted,334,335,100.00,41.79
0.001,50,Sorted,335,336,0.00,41.67
0.001,50,Sorted,336,337,0.00,41.54
0.001,50,Sorted,337,338,0.00,41.42
0.001,50,Sorted,338,339,100.00,41.59
0.001,50,Sorted,339,340,0.00,41.47
0.001,50,Sorted,340,341,100.00,41.64
0.001,50,Sorted,341,342,100.00,41.81
0.001,50,Sorted,342,343,0.00,41.69
0.001,50,Sorted,343,344,0.00,41.57
0.001,50,Sorted,344,345,0.00,41.45
0.001,50,Sorted,345,346,0.00,41.33
0.001,50,Sorted,346,347,0.00,41.21
0.001,50,Sorted,347,348,0.00,41.09
0.001,50,Sorted,348,349,0.00,40.97
0.001,50,Sorted,349,350,0.00,40.86
0.001,50,Sorted,350,351,100.00,41.03
0.001,50,Sorted,351,352,0.00,40.91
0.001,50,Sorted,352,353,0.00,40.79
0.001,50,Sorted,353,354,100.00,40.96
0.001,50,Sorted,354,355,100.00,41.13
0.001,50,Sorted,355,356,100.00,41.29
0.001,50,Sorted,356,357,100.00,41.46
0.001,50,Sorted,357,358,100.00,41.62
0.001,50,Sorted,358,359,100.00,41.78
0.001,50,Sorted,359,360,100.00,41.94
0.001,50,Sorted,360,361,100.00,42.11
0.001,50,Sorted,361,362,0.00,41.99
0.001,50,Sorted,362,363,0.00,41.87
0.001,50,Sorted,363,364,0.00,41.76
0.001,50,Sorted,364,365,0.00,41.64
0.001,50,Sorted,365,366,0.00,41.53
0.001,50,Sorted,366,367,0.00,41.42
0.001,50,Sorted,367,368,0.00,41.30
0.001,50,Sorted,368,369,0.00,41.19
0.001,50,Sorted,369,370,0.00,41.08
0.001,50,Sorted,370,371,100.00,41.24
0.001,50,Sorted,371,372,0.00,41.13
0.001,50,Sorted,372,373,0.00,41.02
0.001,50,Sorted,373,374,0.00,40.91
0.001,50,Sorted,374,375,0.00,40.80
0.001,50,Sorted,375,376,0.00,40.69
0.001,50,Sorted,376,377,100.00,40.85
0.001,50,Sorted,377,378,100.00,41.01
0.001,50,Sorted,378,379,0.00,40.90
0.001,50,Sorted,379,380,0.00,40.79
0.001,50,Sorted,380,381,0.00,40.68
0.001,50,Sorted,381,382,0.00,40.58
0.001,50,Sorted,382,383,100.00,40.73
0.001,50,Sorted,383,384,0.00,40.62
0.001,50,Sorted,384,385,100.00,40.78
0.001,50,Sorted,385,386,0.00,40.67
0.001,50,Sorted,386,387,0.00,40.57
0.001,50,Sorted,387,388,0.00,40.46
0.001,50,Sorted,388,389,0.00,40.36
0.001,50,Sorted,389,390,0.00,40.26
0.001,50,Sorted,390,391,0.00,40.15
0.001,50,Sorted,391,392,100.00,40.31
0.001,50,Sorted,392,393,0.00,40.20
0.001,50,Sorted,393,394,0.00,40.10
0.001,50,Sorted,394,395,0.00,40.00
0.001,50,Sorted,395,396,0.00,39.90
0.001,50,Sorted,396,397,100.00,40.05
0.001,50,Sorted,397,398,0.00,39.95
0.001,50,Sorted,398,399,100.00,40.10
0.001,50,Sorted,399,400,0.00,40.00
0.001,100,Casual,0,1,0.00,0.00
0.001,100,Casual,1,2,0.00,0.00
0.001,100,Casual,2,3,0.00,0.00
0.001,100,Casual,3,4,0.00,0.00
0.001,100,Casual,4,5,0.00,0.00
0.001,100,Casual,5,6,0.00,0.00
0.001,100,Casual,6,7,0.00,0.00
0.001,100,Casual,7,8,100.00,12.50
0.001,100,Casual,8,9,0.00,11.11
0.001,100,Casual,9,10,0.00,10.00
0.001,100,Casual,10,11,100.00,18.18
0.001,100,Casual,11,12,0.00,16.67
0.001,100,Casual,12,13,0.00,15.38
0.001,100,Casual,13,14,0.00,14.29
0.001,100,Casual,14,15,0.00,13.33
0.001,100,Casual,15,16,100.00,18.75
0.001,100,Casual,16,17,100.00,23.53
0.001,100,Casual,17,18,100.00,27.78
0.001,100,Casual,18,19,100.00,31.58
0.001,100,Casual,19,20,100.00,35.00
0.001,100,Casual,20,21,0.00,33.33
0.001,100,Casual,21,22,0.00,31.82
0.001,100,Casual,22,23,0.00,30.43
0.001,100,Casual,23,24,100.00,33.33
0.001,100,Casual,24,25,0.00,32.00
0.001,100,Casual,25,26,100.00,34.62
0.001,100,Casual,26,27,100.00,37.04
0.001,100,Casual,27,28,100.00,39.29
0.001,100,Casual,28,29,0.00,37.93
0.001,100,Casual,29,30,0.00,36.67
0.001,100,Casual,30,31,0.00,35.48
0.001,100,Casual,31,32,100.00,37.50
0.001,100,Casual,32,33,100.00,39.39
0.001,100,Casual,33,34,100.00,41.18
0.001,100,Casual,34,35,100.00,42.86
0.001,100,Casual,35,36,100.00,44.44
0.001,100,Casual,36,37,0.00,43.24
0.001,100,Casual,37,38,100.00,44.74
0.001,100,Casual,38,39,0.00,43.59
0.001,100,Casual,39,40,0.00,42.50
0.001,100,Casual,40,41,0.00,41.46
0.001,100,Casual,41,42,0.00,40.48
0.001,100,Casual,42,43,100.00,41.86
0.001,100,Casual,43,44,0.00,40.91
0.001,100,Casual,44,45,100.00,42.22
0.001,100,Casual,45,46,0.00,41.30
0.001,100,Casual,46,47,100.00,42.55
0.001,100,Casual,47,48,100.00,43.75
0.001,100,Casual,48,49,100.00,44.90
0.001,100,Casual,49,50,0.00,44.00
0.001,100,Casual,50,51,0.00,43.14
0.001,100,Casual,51,52,0.00,42.31
0.001,100,Casual,52,53,0.00,41.51
0.001,100,Casual,53,54,0.00,40.74
0.001,100,Casual,54,55,0.00,40.00
0.001,100,Casual,55,56,0.00,39.29
0.001,100,Casual,56,57,0.00,38.60
0.001,100,Casual,57,58,0.00,37.93
0.001,100,Casual,58,59,100.00,38.98
0.001,100,Casual,59,60,100.00,40.00
0.001,100,Casual,60,61,0.00,39.34
0.001,100,Casual,61,62,0.00,38.71
0.001,100,Casual,62,63,100.00,39.68
0.001,100,Casual,63,64,0.00,39.06
0.001,100,Casual,64,65,0.00,38.46
0.001,100,Casual,65,66,0.00,37.88
0.001,100,Casual,66,67,100.00,38.81
0.001,100,Casual,67,68,0.00,38.24
0.001,100,Casual,68,69,0.00,37.68
0.001,100,Casual,69,70,0.00,37.14
0.001,100,Casual,70,71,0.00,36.62
0.001,100,Casual,71,72,0.00,36.11
0.001,100,Casual,72,73,0.00,35.62
0.001,100,Casual,73,74,0.00,35.14
0.001,100,Casual,74,75,0.00,34.67
0.001,100,Casual,75,76,0.00,34.21
0.001,100,Casual,76,77,100.00,35.06
0.001,100,Casual,77,78,0.00,34.62
0.001,100,Casual,78,79,0.00,34.18
0.001,100,Casual,79,80,0.00,33.75
0.001,100,Casual,80,81,0.00,33.33
0.001,100,Casual,81,82,100.00,34.15
0.001,100,Casual,82,83,100.00,34.94
0.001,100,Casual,83,84,0.00,34.52
0.001,100,Casual,84,85,0.00,34.12
0.001,100,Casual,85,86,0.00,33.72
0.001,100,Casual,86,87,0.00,33.33
0.001,100,Casual,87,88,100.00,34.09
0.001,100,Casual,88,89,0.00,33.71
0.001,100,Casual,89,90,0.00,33.33
0.001,100,Casual,90,91,100.00,34.07
0.001,100,Casual,91,92,0.00,33.70
0.001,100,Casual,92,93,0.00,33.33
0.001,100,Casual,93,94,0.00,32.98
0.001,100,Casual,94,95,0.00,32.63
0.001,100,Casual,95,96,100.00,33.33
0.001,100,Casual,96,97,0.00,32.99
0.001,100,Casual,97,98,0.00,32.65
0.001,100,Casual,98,99,0.00,32.32
0.001,100,Casual,99,100,0.00,32.00
0.001,100,Casual,100,101,0.00,31.68
0.001,100,Casual,101,102,0.00,31.37
0.001,100,Casual,102,103,0.00,31.07
0.001,100,Casual,103,104,0.00,30.77
0.001,100,Casual,104,105,0.00,30.48
0.001,100,Casual,105,106,100.00,31.13
0.001,100,Casual,106,107,100.00,31.78
0.001,100,Casual,107,108,0.00,31.48
0.001,100,Casual,108,109,0.00,31.19
0.001,100,Casual,109,110,0.00,30.91
0.001,100,Casual,110,111,100.00,31.53
0.001,100,Casual,111,112,0.00,31.25
0.001,100,Casual,112,113,0.00,30.97
0.001,100,Casual,113,114,100.00,31.58
0.001,100,Casual,114,115,0.00,31.30
0.001,100,Casual,115,116,100.00,31.90
0.001,100,Casual,116,117,100.00,32.48
0.001,100,Casual,117,118,0.00,32.20
0.001,100,Casual,118,119,100.00,32.77
0.001,100,Casual,119,120,0.00,32.50
0.001,100,Casual,120,121,0.00,32.23
0.001,100,Casual,121,122,0.00,31.97
0.001,100,Casual,122,123,100.00,32.52
0.001,100,Casual,123,124,100.00,33.06
0.001,100,Casual,124,125,0.00,32.80
0.001,100,Casual,125,126,0.00,32.54
0.001,100,Casual,126,127,100.00,33.07
0.001,100,Casual,127,128,0.00,32.81
0.001,100,Casual,128,129,0.00,32.56
0.001,100,Casual,129,130,0.00,32.31
0.001,100,Casual,130,131,100.00,32.82
0.001,100,Casual,131,132,100.00,33.33
0.001,100,Casual,132,133,0.00,33.08
0.001,100,Casual,133,134,0.00,32.84
0.001,100,Casual,134,135,0.00,32.59
0.001,100,Casual,135,136,100.00,33.09
0.001,100,Casual,136,137,0.00,32.85
0.001,100,Casual,137,138,0.00,32.61
0.001,100,Casual,138,139,100.00,33.09
0.001,100,Casual,139,140,100.00,33.57
0.001,100,Casual,140,141,0.00,33.33
0.001,100,Casual,141,142,100.00,33.80
0.001,100,Casual,142,143,100.00,34.27
0.001,100,Casual,143,144,0.00,34.03
0.001,100,Casual,144,145,100.00,34.48
0.001,100,Casual,145,146,100.00,34.93
0.001,100,Casual,146,147,100.00,35.37
0.001,100,Casual,147,148,0.00,35.14
0.001,100,Casual,148,149,100.00,35.57
0.001,100,Casual,149,150,0.00,35.33
0.001,100,Casual,150,151,0.00,35.10
0.001,100,Casual,151,152,0.00,34.87
0.001,100,Casual,152,153,0.00,34.64
0.001,100,Casual,153,154,100.00,35.06
0.001,100,Casual,154,155,0.00,34.84
0.001,100,Casual,155,156,0.00,34.62
0.001,100,Casual,156,157,0.00,34.39
0.001,100,Casual,157,158,100.00,34.81
0.001,100,Casual,158,159,0.00,34.59
0.001,100,Casual,159,160,0.00,34.38
0.001,100,Casual,160,161,0.00,34.16
0.001,100,Casual,161,162,0.00,33.95
0.001,100,Casual,162,163,100.00,34.36
0.001,100,Casual,163,164,0.00,34.15
0.001,100,Casual,164,165,100.00,34.55
0.001,100,Casual,165,166,100.00,34.94
0.001,100,Casual,166,167,100.00,35.33
0.001,100,Casual,167,168,100.00,35.71
0.001,100,Casual,168,169,0.00,35.50
0.001,100,Casual,169,170,0.00,35.29
0.001,100,Casual,170,171,0.00,35.09
0.001,100,Casual,171,172,100.00,35.47
0.001,100,Casual,172,173,100.00,35.84
0.001,100,Casual,173,174,0.00,35.63
0.001,100,Casual,174,175,0.00,35.43
0.001,100,Casual,175,176,100.00,35.80
0.001,100,Casual,176,177,0.00,35.59
0.001,100,Casual,177,178,0.00,35.39
0.001,100,Casual,178,179,100.00,35.75
0.001,100,Casual,179,180,0.00,35.56
0.001,100,Casual,180,181,0.00,35.36
0.001,100,Casual,181,182,0.00,35.16
0.001,100,Casual,182,183,100.00,35.52
0.001,100,Casual,183,184,0.00,35.33
0.001,100,Casual,184,185,0.00,35.14
0.001,100,Casual,185,186,100.00,35.48
0.001,100,Casual,186,187,0.00,35.29
0.001,100,Casual,187,188,0.00,35.11
0.001,100,Casual,188,189,0.00,34.92
0.001,100,Casual,189,190,100.00,35.26
0.001,100,Casual,190,191,0.00,35.08
0.001,100,Casual,191,192,0.00,34.90
0.001,100,Casual,192,193,0.00,34.72
0.001,100,Casual,193,194,0.00,34.54
0.001,100,Casual,194,195,0.00,34.36
0.001,100,Casual,195,196,100.00,34.69
0.001,100,Casual,196,197,0.00,34.52
0.001,100,Casual,197,198,100.00,34.85
0.001,100,Casual,198,199,100.00,35.18
0.001,100,Casual,199,200,0.00,35.00
0.001,100,Casual,200,201,0.00,34.83
0.001,100,Casual,201,202,0.00,34.65
0.001,100,Casual,202,203,0.00,34.48
0.001,100,Casual,203,204,100.00,34.80
0.001,100,Casual,204,205,0.00,34.63
0.001,100,Casual,205,206,0.00,34.47
0.001,100,Casual,206,207,0.00,34.30
0.001,100,Casual,207,208,0.00,34.13
0.001,100,Casual,208,209,100.00,34.45
0.001,100,Casual,209,210,100.00,34.76
0.001,100,Casual,210,211,0.00,34.60
0.001,100,Casual,211,212,100.00,34.91
0.001,100,Casual,212,213,100.00,35.21
0.001,100,Casual,213,214,100.00,35.51
0.001,100,Casual,214,215,0.00,35.35
0.001,100,Casual,215,216,100.00,35.65
0.001,100,Casual,216,217,0.00,35.48
0.001,100,Casual,217,218,100.00,35.78
0.001,100,Casual,218,219,100.00,36.07
0.001,100,Casual,219,220,100.00,36.36
0.001,100,Casual,220,221,0.00,36.20
0.001,100,Casual,221,222,0.00,36.04
0.001,100,Casual,222,223,100.00,36.32
0.001,100,Casual,223,224,100.00,36.61
0.001,100,Casual,224,225,0.00,36.44
0.001,100,Casual,225,226,0.00,36.28
0.001,100,Casual,226,227,0.00,36.12
0.001,100,Casual,227,228,100.00,36.40
0.001,100,Casual,228,229,100.00,36.68
0.001,100,Casual,229,230,0.00,36.52
0.001,100,Casual,230,231,100.00,36.80
0.001,100,Casual,231,232,100.00,37.07
0.001,100,Casual,232,233,0.00,36.91
0.001,100,Casual,233,234,0.00,36.75
0.001,100,Casual,234,235,0.00,36.60
0.001,100,Casual,235,236,0.00,36.44
0.001,100,Casual,236,237,0.00,36.29
0.001,100,Casual,237,238,0.00,36.13
0.001,100,Casual,238,239,0.00,35.98
0.001,100,Casual,239,240,0.00,35.83
0.001,100,Casual,240,241,0.00,35.68
0.001,100,Casual,241,242,100.00,35.95
0.001,100,Casual,242,243,0.00,35.80
0.001,100,Casual,243,244,100.00,36.07
0.001,100,Casual,244,245,0.00,35.92
0.001,100,Casual,245,246,100.00,36.18
0.001,100,Casual,246,247,0.00,36.03
0.001,100,Casual,247,248,0.00,35.89
0.001,100,Casual,248,249,100.00,36.14
0.001,100,Casual,249,250,100.00,36.40
0.001,100,Casual,250,251,100.00,36.65
0.001,100,Casual,251,252,0.00,36.51
0.001,100,Casual,252,253,100.00,36.76
0.001,100,Casual,253,254,100.00,37.01
0.001,100,Casual,254,255,0.00,36.86
0.001,100,Casual,255,256,0.00,36.72
0.001,100,Casual,256,257,0.00,36.58
0.001,100,Casual,257,258,100.00,36.82
0.001,100,Casual,258,259,0.00,36.68
0.001,100,Casual,259,260,0.00,36.54
0.001,100,Casual,260,261,0.00,36.40
0.001,100,Casual,261,262,0.00,36.26
0.001,100,Casual,262,263,0.00,36.12
0.001,100,Casual,263,264,0.00,35.98
0.001,100,Casual,264,265,0.00,35.85
0.001,100,Casual,265,266,100.00,36.09
0.001,100,Casual,266,267,0.00,35.96
0.001,100,Casual,267,268,100.00,36.19
0.001,100,Casual,268,269,100.00,36.43
0.001,100,Casual,269,270,100.00,36.67
0.001,100,Casual,270,271,100.00,36.90
0.001,100,Casual,271,272,0.00,36.76
0.001,100,Casual,272,273,100.00,37.00
0.001,100,Casual,273,274,0.00,36.86
0.001,100,Casual,274,275,0.00,36.73
0.001,100,Casual,275,276,0.00,36.59
0.001,100,Casual,276,277,100.00,36.82
0.001,100,Casual,277,278,100.00,37.05
0.001,100,Casual,278,279,0.00,36.92
0.001,100,Casual,279,280,0.00,36.79
0.001,100,Casual,280,281,100.00,37.01
0.001,100,Casual,281,282,100.00,37.23
0.001,100,Casual,282,283,100.00,37.46
0.001,100,Casual,283,284,0.00,37.32
0.001,100,Casual,284,285,0.00,37.19
0.001,100,Casual,285,286,0.00,37.06
0.001,100,Casual,286,287,0.00,36.93
0.001,100,Casual,287,288,100.00,37.15
0.001,100,Casual,288,289,100.00,37.37
0.001,100,Casual,289,290,0.00,37.24
0.001,100,Casual,290,291,100.00,37.46
0.001,100,Casual,291,292,0.00,37.33
0.001,100,Casual,292,293,0.00,37.20
0.001,100,Casual,293,294,0.00,37.07
0.001,100,Casual,294,295,0.00,36.95
0.001,100,Casual,295,296,0.00,36.82
0.001,100,Casual,296,297,100.00,37.04
0.001,100,Casual,297,298,0.00,36.91
0.001,100,Casual,298,299,0.00,36.79
0.001,100,Casual,299,300,100.00,37.00
0.001,100,Casual,300,301,0.00,36.88
0.001,100,Casual,301,302,0.00,36.75
0.001,100,Casual,302,303,100.00,36.96
0.001,100,Casual,303,304,100.00,37.17
0.001,100,Casual,304,305,0.00,37.05
0.001,100,Casual,305,306,100.00,37.25
0.001,100,Casual,306,307,100.00,37.46
0.001,100,Casual,307,308,0.00,37.34
0.001,100,Casual,308,309,100.00,37.54
0.001,100,Casual,309,310,0.00,37.42
0.001,100,Casual,310,311,0.00,37.30
0.001,100,Casual,311,312,0.00,37.18
0.001,100,Casual,312,313,100.00,37.38
0.001,100,Casual,313,314,0.00,37.26
0.001,100,Casual,314,315,100.00,37.46
0.001,100,Casual,315,316,0.00,37.34
0.001,100,Casual,316,317,0.00,37.22
0.001,100,Casual,317,318,100.00,37.42
0.001,100,Casual,318,319,0.00,37.30
0.001,100,Casual,319,320,0.00,37.19
0.001,100,Casual,320,321,0.00,37.07
0.001,100,Casual,321,322,0.00,36.96
0.001,100,Casual,322,323,100.00,37.15
0.001,100,Casual,323,324,0.00,37.04
0.001,100,Casual,324,325,0.00,36.92
0.001,100,Casual,325,326,0.00,36.81
0.001,100,Casual,326,327,0.00,36.70
0.001,100,Casual,327,328,100.00,36.89
0.001,100,Casual,328,329,0.00,36.78
0.001,100,Casual,329,330,0.00,36.67
0.001,100,Casual,330,331,0.00,36.56
0.001,100,Casual,331,332,0.00,36.45
0.001,100,Casual,332,333,0.00,36.34
0.001,100,Casual,333,334,100.00,36.53
0.001,100,Casual,334,335,100.00,36.72
0.001,100,Casual,335,336,0.00,36.61
0.001,100,Casual,336,337,100.00,36.80
0.001,100,Casual,337,338,0.00,36.69
0.001,100,Casual,338,339,100.00,36.87
0.001,100,Casual,339,340,0.00,36.76
0.001,100,Casual,340,341,0.00,36.66
0.001,100,Casual,341,342,100.00,36.84
0.001,100,Casual,342,343,100.00,37.03
0.001,100,Casual,343,344,100.00,37.21
0.001,100,Casual,344,345,100.00,37.39
0.001,100,Casual,345,346,0.00,37.28
0.001,100,Casual,346,347,100.00,37.46
0.001,100,Casual,347,348,100.00,37.64
0.001,100,Casual,348,349,100.00,37.82
0.001,100,Casual,349,350,0.00,37.71
0.001,100,Casual,350,351,100.00,37.89
0.001,100,Casual,351,352,100.00,38.07
0.001,100,Casual,352,353,0.00,37.96
0.001,100,Casual,353,354,0.00,37.85
0.001,100,Casual,354,355,0.00,37.75
0.001,100,Casual,355,356,0.00,37.64
0.001,100,Casual,356,357,0.00,37.54
0.001,100,Casual,357,358,100.00,37.71
0.001,100,Casual,358,359,100.00,37.88
0.001,100,Casual,359,360,100.00,38.06
0.001,100,Casual,360,361,0.00,37.95
0.001,100,Casual,361,362,100.00,38.12
0.001,100,Casual,362,363,0.00,38.02
0.001,100,Casual,363,364,100.00,38.19
0.001,100,Casual,364,365,0.00,38.08
0.001,100,Casual,365,366,100.00,38.25
0.001,100,Casual,366,367,0.00,38.15
0.001,100,Casual,367,368,100.00,38.32
0.001,100,Casual,368,369,100.00,38.48
0.001,100,Casual,369,370,0.00,38.38
0.001,100,Casual,370,371,100.00,38.54
0.001,100,Casual,371,372,100.00,38.71
0.001,100,Casual,372,373,0.00,38.61
0.001,100,Casual,373,374,100.00,38.77
0.001,100,Casual,374,375,0.00,38.67
0.001,100,Casual,375,376,100.00,38.83
0.001,100,Casual,376,377,0.00,38.73
0.001,100,Casual,377,378,100.00,38.89
0.001,100,Casual,378,379,100.00,39.05
0.001,100,Casual,379,380,0.00,38.95
0.001,100,Casual,380,381,100.00,39.11
0.001,100,Casual,381,382,100.00,39.27
0.001,100,Casual,382,383,0.00,39.16
0.001,100,Casual,383,384,100.00,39.32
0.001,100,Casual,384,385,100.00,39.48
0.001,100,Casual,385,386,100.00,39.64
0.001,100,Casual,386,387,0.00,39.53
0.001,100,Casual,387,388,0.00,39.43
0.001,100,Casual,388,389,100.00,39.59
0.001,100,Casual,389,390,0.00,39.49
0.001,100,Casual,390,391,100.00,39.64
0.001,100,Casual,391,392,100.00,39.80
0.001,100,Casual,392,393,0.00,39.69
0.001,100,Casual,393,394,0.00,39.59
0.001,100,Casual,394,395,0.00,39.49
0.001,100,Casual,395,396,100.00,39.65
0.001,100,Casual,396,397,100.00,39.80
0.001,100,Casual,397,398,100.00,39.95
0.001,100,Casual,398,399,0.00,39.85
0.001,100,Casual,399,400,0.00,39.75
0.001,100,Sorted,0,1,0.00,0.00
0.001,100,Sorted,1,2,100.00,50.00
0.001,100,Sorted,2,3,100.00,66.67
0.001,100,Sorted,3,4,0.00,50.00
0.001,100,Sorted,4,5,0.00,40.00
0.001,100,Sorted,5,6,0.00,33.33
0.001,100,Sorted,6,7,100.00,42.86
0.001,100,Sorted,7,8,0.00,37.50
0.001,100,Sorted,8,9,0.00,33.33
0.001,100,Sorted,9,10,0.00,30.00
0.001,100,Sorted,10,11,0.00,27.27
0.001,100,Sorted,11,12,100.00,33.33
0.001,100,Sorted,12,13,100.00,38.46
0.001,100,Sorted,13,14,0.00,35.71
0.001,100,Sorted,14,15,100.00,40.00
0.001,100,Sorted,15,16,100.00,43.75
0.001,100,Sorted,16,17,100.00,47.06
0.001,100,Sorted,17,18,0.00,44.44
0.001,100,Sorted,18,19,100.00,47.37
0.001,100,Sorted,19,20,100.00,50.00
0.001,100,Sorted,20,21,100.00,52.38
0.001,100,Sorted,21,22,0.00,50.00
0.001,100,Sorted,22,23,0.00,47.83
0.001,100,Sorted,23,24,100.00,50.00
0.001,100,Sorted,24,25,0.00,48.00
0.001,100,Sorted,25,26,100.00,50.00
0.001,100,Sorted,26,27,0.00,48.15
0.001,100,Sorted,27,28,0.00,46.43
0.001,100,Sorted,28,29,100.00,48.28
0.001,100,Sorted,29,30,0.00,46.67
0.001,100,Sorted,30,31,100.00,48.39
0.001,100,Sorted,31,32,0.00,46.88
0.001,100,Sorted,32,33,100.00,48.48
0.001,100,Sorted,33,34,100.00,50.00
0.001,100,Sorted,34,35,0.00,48.57
0.001,100,Sorted,35,36,100.00,50.00
0.001,100,Sorted,36,37,100.00,51.35
0.001,100,Sorted,37,38,100.00,52.63
0.001,100,Sorted,38,39,0.00,51.28
0.001,100,Sorted,39,40,100.00,52.50
0.001,100,Sorted,40,41,100.00,53.66
0.001,100,Sorted,41,42,100.00,54.76
0.001,100,Sorted,42,43,100.00,55.81
0.001,100,Sorted,43,44,0.00,54.55
0.001,100,Sorted,44,45,100.00,55.56
0.001,100,Sorted,45,46,100.00,56.52
0.001,100,Sorted,46,47,0.00,55.32
0.001,100,Sorted,47,48,100.00,56.25
0.001,100,Sorted,48,49,100.00,57.14
0.001,100,Sorted,49,50,100.00,58.00
0.001,100,Sorted,50,51,0.00,56.86
0.001,100,Sorted,51,52,0.00,55.77
0.001,100,Sorted,52,53,0.00,54.72
0.001,100,Sorted,53,54,100.00,55.56
0.001,100,Sorted,54,55,0.00,54.55
0.001,100,Sorted,55,56,100.00,55.36
0.001,100,Sorted,56,57,0.00,54.39
0.001,100,Sorted,57,58,100.00,55.17
0.001,100,Sorted,58,59,100.00,55.93
0.001,100,Sorted,59,60,0.00,55.00
0.001,100,Sorted,60,61,100.00,55.74
0.001,100,Sorted,61,62,100.00,56.45
0.001,100,Sorted,62,63,100.00,57.14
0.001,100,Sorted,63,64,100.00,57.81
0.001,100,Sorted,64,65,100.00,58.46
0.001,100,Sorted,65,66,100.00,59.09
0.001,100,Sorted,66,67,0.00,58.21
0.001,100,Sorted,67,68,0.00,57.35
0.001,100,Sorted,68,69,100.00,57.97
0.001,100,Sorted,69,70,0.00,57.14
0.001,100,Sorted,70,71,0.00,56.34
0.001,100,Sorted,71,72,100.00,56.94
0.001,100,Sorted,72,73,100.00,57.53
0.001,100,Sorted,73,74,0.00,56.76
0.001,100,Sorted,74,75,100.00,57.33
0.001,100,Sorted,75,76,100.00,57.89
0.001,100,Sorted,76,77,0.00,57.14
0.001,100,Sorted,77,78,0.00,56.41
0.001,100,Sorted,78,79,100.00,56.96
0.001,100,Sorted,79,80,100.00,57.50
0.001,100,Sorted,80,81,100.00,58.02
0.001,100,Sorted,81,82,100.00,58.54
0.001,100,Sorted,82,83,100.00,59.04
0.001,100,Sorted,83,84,100.00,59.52
0.001,100,Sorted,84,85,0.00,58.82
0.001,100,Sorted,85,86,0.00,58.14
0.001,100,Sorted,86,87,0.00,57.47
0.001,100,Sorted,87,88,100.00,57.95
0.001,100,Sorted,88,89,100.00,58.43
0.001,100,Sorted,89,90,100.00,58.89
0.001,100,Sorted,90,91,100.00,59.34
0.001,100,Sorted,91,92,0.00,58.70
0.001,100,Sorted,92,93,100.00,59.14
0.001,100,Sorted,93,94,100.00,59.57
0.001,100,Sorted,94,95,0.00,58.95
0.001,100,Sorted,95,96,100.00,59.38
0.001,100,Sorted,96,97,100.00,59.79
0.001,100,Sorted,97,98,0.00,59.18
0.001,100,Sorted,98,99,0.00,58.59
0.001,100,Sorted,99,100,100.00,59.00
0.001,100,Sorted,100,101,100.00,59.41
0.001,100,Sorted,101,102,0.00,58.82
0.001,100,Sorted,102,103,0.00,58.25
0.001,100,Sorted,103,104,0.00,57.69
0.001,100,Sorted,104,105,100.00,58.10
0.001,100,Sorted,105,106,100.00,58.49
0.001,100,Sorted,106,107,0.00,57.94
0.001,100,Sorted,107,108,100.00,58.33
0.001,100,Sorted,108,109,100.00,58.72
0.001,100,Sorted,109,110,0.00,58.18
0.001,100,Sorted,110,111,100.00,58.56
0.001,100,Sorted,111,112,100.00,58.93
0.001,100,Sorted,112,113,0.00,58.41
0.001,100,Sorted,113,114,0.00,57.89
0.001,100,Sorted,114,115,0.00,57.39
0.001,100,Sorted,115,116,0.00,56.90
0.001,100,Sorted,116,117,0.00,56.41
0.001,100,Sorted,117,118,100.00,56.78
0.001,100,Sorted,118,119,0.00,56.30
0.001,100,Sorted,119,120,0.00,55.83
0.001,100,Sorted,120,121,0.00,55.37
0.001,100,Sorted,121,122,0.00,54.92
0.001,100,Sorted,122,123,100.00,55.28
0.001,100,Sorted,123,124,0.00,54.84
0.001,100,Sorted,124,125,0.00,54.40
0.001,100,Sorted,125,126,0.00,53.97
0.001,100,Sorted,126,127,0.00,53.54
0.001,100,Sorted,127,128,100.00,53.91
0.001,100,Sorted,128,129,0.00,53.49
0.001,100,Sorted,129,130,100.00,53.85
0.001,100,Sorted,130,131,100.00,54.20
0.001,100,Sorted,131,132,100.00,54.55
0.001,100,Sorted,132,133,0.00,54.14
0.001,100,Sorted,133,134,0.00,53.73
0.001,100,Sorted,134,135,0.00,53.33
0.001,100,Sorted,135,136,100.00,53.68
0.001,100,Sorted,136,137,0.00,53.28
0.001,100,Sorted,137,138,100.00,53.62
0.001,100,Sorted,138,139,100.00,53.96
0.001,100,Sorted,139,140,0.00,53.57
0.001,100,Sorted,140,141,100.00,53.90
0.001,100,Sorted,141,142,0.00,53.52
0.001,100,Sorted,142,143,0.00,53.15
0.001,100,Sorted,143,144,0.00,52.78
0.001,100,Sorted,144,145,0.00,52.41
0.001,100,Sorted,145,146,100.00,52.74
0.001,100,Sorted,146,147,0.00,52.38
0.001,100,Sorted,147,148,100.00,52.70
0.001,100,Sorted,148,149,100.00,53.02
0.001,100,Sorted,149,150,0.00,52.67
0.001,100,Sorted,150,151,100.00,52.98
0.001,100,Sorted,151,152,0.00,52.63
0.001,100,Sorted,152,153,0.00,52.29
0.001,100,Sorted,153,154,0.00,51.95
0.001,100,Sorted,154,155,0.00,51.61
0.001,100,Sorted,155,156,0.00,51.28
0.001,100,Sorted,156,157,0.00,50.96
0.001,100,Sorted,157,158,0.00,50.63
0.001,100,Sorted,158,159,0.00,50.31
0.001,100,Sorted,159,160,100.00,50.62
0.001,100,Sorted,160,161,0.00,50.31
0.001,100,Sorted,161,162,0.00,50.00
0.001,100,Sorted,162,163,0.00,49.69
0.001,100,Sorted,163,164,0.00,49.39
0.001,100,Sorted,164,165,100.00,49.70
0.001,100,Sorted,165,166,0.00,49.40
0.001,100,Sorted,166,167,0.00,49.10
0.001,100,Sorted,167,168,0.00,48.81
0.001,100,Sorted,168,169,100.00,49.11
0.001,100,Sorted,169,170,0.00,48.82
0.001,100,Sorted,170,171,0.00,48.54
0.001,100,Sorted,171,172,0.00,48.26
0.001,100,Sorted,172,173,0.00,47.98
0.001,100,Sorted,173,174,0.00,47.70
0.001,100,Sorted,174,175,0.00,47.43
0.001,100,Sorted,175,176,0.00,47.16
0.001,100,Sorted,176,177,0.00,46.89
0.001,100,Sorted,177,178,0.00,46.63
0.001,100,Sorted,178,179,0.00,46.37
0.001,100,Sorted,179,180,0.00,46.11
0.001,100,Sorted,180,181,0.00,45.86
0.001,100,Sorted,181,182,0.00,45.60
0.001,100,Sorted,182,183,0.00,45.36
0.001,100,Sorted,183,184,0.00,45.11
0.001,100,Sorted,184,185,0.00,44.86
0.001,100,Sorted,185,186,0.00,44.62
0.001,100,Sorted,186,187,100.00,44.92
0.001,100,Sorted,187,188,100.00,45.21
0.001,100,Sorted,188,189,0.00,44.97
0.001,100,Sorted,189,190,0.00,44.74
0.001,100,Sorted,190,191,0.00,44.50
0.001,100,Sorted,191,192,0.00,44.27
0.001,100,Sorted,192,193,0.00,44.04
0.001,100,Sorted,193,194,0.00,43.81
0.001,100,Sorted,194,195,0.00,43.59
0.001,100,Sorted,195,196,0.00,43.37
0.001,100,Sorted,196,197,0.00,43.15
0.001,100,Sorted,197,198,0.00,42.93
0.001,100,Sorted,198,199,0.00,42.71
0.001,100,Sorted,199,200,0.00,42.50
0.001,100,Sorted,200,201,100.00,42.79
0.001,100,Sorted,201,202,0.00,42.57
0.001,100,Sorted,202,203,0.00,42.36
0.001,100,Sorted,203,204,100.00,42.65
0.001,100,Sorted,204,205,0.00,42.44
0.001,100,Sorted,205,206,0.00,42.23
0.001,100,Sorted,206,207,0.00,42.03
0.001,100,Sorted,207,208,100.00,42.31
0.001,100,Sorted,208,209,100.00,42.58
0.001,100,Sorted,209,210,0.00,42.38
0.001,100,Sorted,210,211,0.00,42.18
0.001,100,Sorted,211,212,100.00,42.45
0.001,100,Sorted,212,213,0.00,42.25
0.001,100,Sorted,213,214,0.00,42.06
0.001,100,Sorted,214,215,100.00,42.33
0.001,100,Sorted,215,216,100.00,42.59
0.001,100,Sorted,216,217,0.00,42.40
0.001,100,Sorted,217,218,0.00,42.20
0.001,100,Sorted,218,219,0.00,42.01
0.001,100,Sorted,219,220,0.00,41.82
0.001,100,Sorted,220,221,100.00,42.08
0.001,100,Sorted,221,222,100.00,42.34
0.001,100,Sorted,222,223,0.00,42.15
0.001,100,Sorted,223,224,100.00,42.41
0.001,100,Sorted,224,225,0.00,42.22
0.001,100,Sorted,225,226,100.00,42.48
0.001,100,Sorted,226,227,0.00,42.29
0.001,100,Sorted,227,228,100.00,42.54
0.001,100,Sorted,228,229,100.00,42.79
0.001,100,Sorted,229,230,0.00,42.61
0.001,100,Sorted,230,231,100.00,42.86
0.001,100,Sorted,231,232,0.00,42.67
0.001,100,Sorted,232,233,0.00,42.49
0.001,100,Sorted,233,234,100.00,42.74
0.001,100,Sorted,234,235,100.00,42.98
0.001,100,Sorted,235,236,100.00,43.22
0.001,100,Sorted,236,237,0.00,43.04
0.001,100,Sorted,237,238,0.00,42.86
0.001,100,Sorted,238,239,0.00,42.68
0.001,100,Sorted,239,240,0.00,42.50
0.001,100,Sorted,240,241,100.00,42.74
0.001,100,Sorted,241,242,0.00,42.56
0.001,100,Sorted,242,243,100.00,42.80
0.001,100,Sorted,243,244,0.00,42.62
0.001,100,Sorted,244,245,100.00,42.86
0.001,100,Sorted,245,246,100.00,43.09
0.001,100,Sorted,246,247,0.00,42.91
0.001,100,Sorted,247,248,100.00,43.15
0.001,100,Sorted,248,249,0.00,42.97
0.001,100,Sorted,249,250,0.00,42.80
0.001,100,Sorted,250,251,0.00,42.63
0.001,100,Sorted,251,252,0.00,42.46
0.001,100,Sorted,252,253,0.00,42.29
0.001,100,Sorted,253,254,100.00,42.52
0.001,100,Sorted,254,255,0.00,42.35
0.001,100,Sorted,255,256,0.00,42.19
0.001,100,Sorted,256,257,0.00,42.02
0.001,100,Sorted,257,258,0.00,41.86
0.001,100,Sorted,258,259,100.00,42.08
0.001,100,Sorted,259,260,100.00,42.31
0.001,100,Sorted,260,261,100.00,42.53
0.001,100,Sorted,261,262,0.00,42.37
0.001,100,Sorted,262,263,0.00,42.21
0.001,100,Sorted,263,264,0.00,42.05
0.001,100,Sorted,264,265,0.00,41.89
0.001,100,Sorted,265,266,0.00,41.73
0.001,100,Sorted,266,267,100.00,41.95
0.001,100,Sorted,267,268,0.00,41.79
0.001,100,Sorted,268,269,0.00,41.64
0.001,100,Sorted,269,270,100.00,41.85
0.001,100,Sorted,270,271,0.00,41.70
0.001,100,Sorted,271,272,0.00,41.54
0.001,100,Sorted,272,273,0.00,41.39
0.001,100,Sorted,273,274,100.00,41.61
0.001,100,Sorted,274,275,0.00,41.45
0.001,100,Sorted,275,276,0.00,41.30
0.001,100,Sorted,276,277,0.00,41.16
0.001,100,Sorted,277,278,0.00,41.01
0.001,100,Sorted,278,279,0.00,40.86
0.001,100,Sorted,279,280,0.00,40.71
0.001,100,Sorted,280,281,0.00,40.57
0.001,100,Sorted,281,282,100.00,40.78
0.001,100,Sorted,282,283,0.00,40.64
0.001,100,Sorted,283,284,0.00,40.49
0.001,100,Sorted,284,285,0.00,40.35
0.001,100,Sorted,285,286,100.00,40.56
0.001,100,Sorted,286,287,0.00,40.42
0.001,100,Sorted,287,288,0.00,40.28
0.001,100,Sorted,288,289,0.00,40.14
0.001,100,Sorted,289,290,0.00,40.00
0.001,100,Sorted,290,291,0.00,39.86
0.001,100,Sorted,291,292,0.00,39.73
0.001,100,Sorted,292,293,0.00,39.59
0.001,100,Sorted,293,294,0.00,39.46
0.001,100,Sorted,294,295,100.00,39.66
0.001,100,Sorted,295,296,0.00,39.53
0.001,100,Sorted,296,297,0.00,39.39
0.001,100,Sorted,297,298,0.00,39.26
0.001,100,Sorted,298,299,0.00,39.13
0.001,100,Sorted,299,300,0.00,39.00
0.001,100,Sorted,300,301,0.00,38.87
0.001,100,Sorted,301,302,100.00,39.07
0.001,100,Sorted,302,303,0.00,38.94
0.001,100,Sorted,303,304,0.00,38.82
0.001,100,Sorted,304,305,0.00,38.69
0.001,100,Sorted,305,306,100.00,38.89
0.001,100,Sorted,306,307,0.00,38.76
0.001,100,Sorted,307,308,0.00,38.64
0.001,100,Sorted,308,309,100.00,38.83
0.001,100,Sorted,309,310,0.00,38.71
0.001,100,Sorted,310,311,0.00,38.59
0.001,100,Sorted,311,312,0.00,38.46
0.001,100,Sorted,312,313,0.00,38.34
0.001,100,Sorted,313,314,100.00,38.54
0.001,100,Sorted,314,315,0.00,38.41
0.001,100,Sorted,315,316,100.00,38.61
0.001,100,Sorted,316,317,100.00,38.80
0.001,100,Sorted,317,318,0.00,38.68
0.001,100,Sorted,318,319,0.00,38.56
0.001,100,Sorted,319,320,100.00,38.75
0.001,100,Sorted,320,321,100.00,38.94
0.001,100,Sorted,321,322,0.00,38.82
0.001,100,Sorted,322,323,100.00,39.01
0.001,100,Sorted,323,324,0.00,38.89
0.001,100,Sorted,324,325,0.00,38.77
0.001,100,Sorted,325,326,0.00,38.65
0.001,100,Sorted,326,327,100.00,38.84
0.001,100,Sorted,327,328,100.00,39.02
0.001,100,Sorted,328,329,0.00,38.91
0.001,100,Sorted,329,330,0.00,38.79
0.001,100,Sorted,330,331,0.00,38.67
0.001,100,Sorted,331,332,0.00,38.55
0.001,100,Sorted,332,333,100.00,38.74
0.001,100,Sorted,333,334,0.00,38.62
0.001,100,Sorted,334,335,0.00,38.51
0.001,100,Sorted,335,336,100.00,38.69
0.001,100,Sorted,336,337,0.00,38.58
0.001,100,Sorted,337,338,0.00,38.46
0.001,100,Sorted,338,339,0.00,38.35
0.001,100,Sorted,339,340,0.00,38.24
0.001,100,Sorted,340,341,100.00,38.42
0.001,100,Sorted,341,342,100.00,38.60
0.001,100,Sorted,342,343,0.00,38.48
0.001,100,Sorted,343,344,0.00,38.37
0.001,100,Sorted,344,345,0.00,38.26
0.001,100,Sorted,345,346,0.00,38.15
0.001,100,Sorted,346,347,100.00,38.33
0.001,100,Sorted,347,348,0.00,38.22
0.001,100,Sorted,348,349,0.00,38.11
0.001,100,Sorted,349,350,0.00,38.00
0.001,100,Sorted,350,351,100.00,38.18
0.001,100,Sorted,351,352,0.00,38.07
0.001,100,Sorted,352,353,0.00,37.96
0.001,100,Sorted,353,354,100.00,38.14
0.001,100,Sorted,354,355,0.00,38.03
0.001,100,Sorted,355,356,100.00,38.20
0.001,100,Sorted,356,357,100.00,38.38
0.001,100,Sorted,357,358,100.00,38.55
0.001,100,Sorted,358,359,100.00,38.72
0.001,100,Sorted,359,360,100.00,38.89
0.001,100,Sorted,360,361,0.00,38.78
0.001,100,Sorted,361,362,0.00,38.67
0.001,100,Sorted,362,363,0.00,38.57
0.001,100,Sorted,363,364,0.00,38.46
0.001,100,Sorted,364,365,100.00,38.63
0.001,100,Sorted,365,366,0.00,38.52
0.001,100,Sorted,366,367,0.00,38.42
0.001,100,Sorted,367,368,0.00,38.32
0.001,100,Sorted,368,369,0.00,38.21
0.001,100,Sorted,369,370,0.00,38.11
0.001,100,Sorted,370,371,100.00,38.27
0.001,100,Sorted,371,372,0.00,38.17
0.001,100,Sorted,372,373,0.00,38.07
0.001,100,Sorted,373,374,0.00,37.97
0.001,100,Sorted,374,375,0.00,37.87
0.001,100,Sorted,375,376,0.00,37.77
0.001,100,Sorted,376,377,100.00,37.93
0.001,100,Sorted,377,378,0.00,37.83
0.001,100,Sorted,378,379,0.00,37.73
0.001,100,Sorted,379,380,0.00,37.63
0.001,100,Sorted,380,381,100.00,37.80
0.001,100,Sorted,381,382,0.00,37.70
0.001,100,Sorted,382,383,100.00,37.86
0.001,100,Sorted,383,384,0.00,37.76
0.001,100,Sorted,384,385,100.00,37.92
0.001,100,Sorted,385,386,0.00,37.82
0.001,100,Sorted,386,387,0.00,37.73
0.001,100,Sorted,387,388,0.00,37.63
0.001,100,Sorted,388,389,0.00,37.53
0.001,100,Sorted,389,390,0.00,37.44
0.001,100,Sorted,390,391,0.00,37.34
0.001,100,Sorted,391,392,0.00,37.24
0.001,100,Sorted,392,393,0.00,37.15
0.001,100,Sorted,393,394,0.00,37.06
0.001,100,Sorted,394,395,0.00,36.96
0.001,100,Sorted,395,396,0.00,36.87
0.001,100,Sorted,396,397,100.00,37.03
0.001,100,Sorted,397,398,0.00,36.93
0.001,100,Sorted,398,399,100.00,37.09
0.001,100,Sorted,399,400,0.00,37.00
